NFL,San Francisco 49ers,10,3,1970,1.9414506867883021,1.9414506867883021
NFL,Detroit Lions,10,4,1970,1.6035674514745464,1.6035674514745464
NFL,Minnesota Vikings,12,2,1970,2.6726124191242437,2.6726124191242437
NFL,St. Louis Cardinals,8,5,1970,0.8320502943378437,0.8320502943378437
NFL,Los Angeles Rams,9,4,1970,1.386750490563073,1.386750490563073
NFL,Baltimore Colts,11,2,1970,2.4961508830135313,2.4961508830135313
NFL,Cincinnati Bengals,8,6,1970,0.5345224838248488,0.5345224838248488
NFL,New York Giants,9,5,1970,1.0690449676496976,1.0690449676496976
NFL,Oakland Raiders,8,4,1970,1.1547005383792517,1.1547005383792517
NFL,Dallas Cowboys,10,4,1970,1.6035674514745464,1.6035674514745464
NFL,Washington Redskins,6,8,1970,-0.5345224838248488,0.5345224838248488
NFL,Miami Dolphins,10,4,1970,1.6035674514745464,1.6035674514745464
NFL,Cleveland Browns,7,7,1970,0.0,0.0
NFL,San Diego Chargers,5,6,1970,-0.30151134457776363,0.30151134457776363
NFL,Kansas City Chiefs,7,5,1970,0.5773502691896258,0.5773502691896258
NFL,Chicago Bears,6,8,1970,-0.5345224838248488,0.5345224838248488
NFL,New York Jets,4,10,1970,-1.6035674514745464,1.6035674514745464
NFL,Denver Broncos,5,8,1970,-0.8320502943378437,0.8320502943378437
NFL,Philadelphia Eagles,3,10,1970,-1.9414506867883021,1.9414506867883021
NFL,Houston Oilers,3,10,1970,-1.9414506867883021,1.9414506867883021
NFL,Pittsburgh Steelers,5,9,1970,-1.0690449676496976,1.0690449676496976
NFL,Atlanta Falcons,4,8,1970,-1.1547005383792517,1.1547005383792517
NFL,Buffalo Bills,3,10,1970,-1.9414506867883021,1.9414506867883021
NFL,Green Bay Packers,6,8,1970,-0.5345224838248488,0.5345224838248488
NFL,New Orleans Saints,2,11,1970,-2.4961508830135313,2.4961508830135313
NFL,Boston Patriots,2,12,1970,-2.6726124191242437,2.6726124191242437
NFL,Dallas Cowboys,11,3,1971,2.138089935299395,2.138089935299395
NFL,Oakland Raiders,8,4,1971,1.1547005383792517,1.1547005383792517
NFL,Detroit Lions,7,6,1971,0.2773500981126146,0.2773500981126146
NFL,Miami Dolphins,10,3,1971,1.9414506867883021,1.9414506867883021
NFL,Los Angeles Rams,8,5,1971,0.8320502943378437,0.8320502943378437
NFL,Baltimore Colts,10,4,1971,1.6035674514745464,1.6035674514745464
NFL,San Diego Chargers,6,8,1971,-0.5345224838248488,0.5345224838248488
NFL,Kansas City Chiefs,10,3,1971,1.9414506867883021,1.9414506867883021
NFL,San Francisco 49ers,9,5,1971,1.0690449676496976,1.0690449676496976
NFL,Cleveland Browns,9,5,1971,1.0690449676496976,1.0690449676496976
NFL,Cincinnati Bengals,4,10,1971,-1.6035674514745464,1.6035674514745464
NFL,Washington Redskins,9,4,1971,1.386750490563073,1.386750490563073
NFL,Atlanta Falcons,7,6,1971,0.2773500981126146,0.2773500981126146
NFL,Green Bay Packers,4,8,1971,-1.1547005383792517,1.1547005383792517
NFL,New Orleans Saints,4,8,1971,-1.1547005383792517,1.1547005383792517
NFL,Houston Oilers,4,9,1971,-1.386750490563073,1.386750490563073
NFL,Pittsburgh Steelers,6,8,1971,-0.5345224838248488,0.5345224838248488
NFL,Minnesota Vikings,11,3,1971,2.138089935299395,2.138089935299395
NFL,New England Patriots,6,8,1971,-0.5345224838248488,0.5345224838248488
NFL,St. Louis Cardinals,4,9,1971,-1.386750490563073,1.386750490563073
NFL,New York Giants,4,10,1971,-1.6035674514745464,1.6035674514745464
NFL,Philadelphia Eagles,6,7,1971,-0.2773500981126146,0.2773500981126146
NFL,New York Jets,6,8,1971,-0.5345224838248488,0.5345224838248488
NFL,Denver Broncos,4,9,1971,-1.386750490563073,1.386750490563073
NFL,Chicago Bears,6,8,1971,-0.5345224838248488,0.5345224838248488
NFL,Buffalo Bills,1,13,1971,-3.2071349029490928,3.2071349029490928
NFL,Miami Dolphins,14,0,1972,3.7416573867739413,3.7416573867739413
NFL,New York Jets,7,7,1972,0.0,0.0
NFL,Oakland Raiders,10,3,1972,1.9414506867883021,1.9414506867883021
NFL,San Francisco 49ers,8,5,1972,0.8320502943378437,0.8320502943378437
NFL,Pittsburgh Steelers,11,3,1972,2.138089935299395,2.138089935299395
NFL,Detroit Lions,8,5,1972,0.8320502943378437,0.8320502943378437
NFL,Washington Redskins,11,3,1972,2.138089935299395,2.138089935299395
NFL,New York Giants,8,6,1972,0.5345224838248488,0.5345224838248488
NFL,Denver Broncos,5,9,1972,-1.0690449676496976,1.0690449676496976
NFL,Dallas Cowboys,10,4,1972,1.6035674514745464,1.6035674514745464
NFL,Green Bay Packers,10,4,1972,1.6035674514745464,1.6035674514745464
NFL,Minnesota Vikings,7,7,1972,0.0,0.0
NFL,Cincinnati Bengals,8,6,1972,0.5345224838248488,0.5345224838248488
NFL,Los Angeles Rams,6,7,1972,-0.2773500981126146,0.2773500981126146
NFL,Kansas City Chiefs,8,6,1972,0.5345224838248488,0.5345224838248488
NFL,Atlanta Falcons,7,7,1972,0.0,0.0
NFL,Cleveland Browns,10,4,1972,1.6035674514745464,1.6035674514745464
NFL,San Diego Chargers,4,9,1972,-1.386750490563073,1.386750490563073
NFL,Buffalo Bills,4,9,1972,-1.386750490563073,1.386750490563073
NFL,Baltimore Colts,5,9,1972,-1.0690449676496976,1.0690449676496976
NFL,Chicago Bears,4,9,1972,-1.386750490563073,1.386750490563073
NFL,New Orleans Saints,2,11,1972,-2.4961508830135313,2.4961508830135313
NFL,St. Louis Cardinals,4,9,1972,-1.386750490563073,1.386750490563073
NFL,New England Patriots,3,11,1972,-2.138089935299395,2.138089935299395
NFL,Houston Oilers,1,13,1972,-3.2071349029490928,3.2071349029490928
NFL,Philadelphia Eagles,2,11,1972,-2.4961508830135313,2.4961508830135313
NFL,Los Angeles Rams,12,2,1973,2.6726124191242437,2.6726124191242437
NFL,Dallas Cowboys,10,4,1973,1.6035674514745464,1.6035674514745464
NFL,Denver Broncos,7,5,1973,0.5773502691896258,0.5773502691896258
NFL,Pittsburgh Steelers,10,4,1973,1.6035674514745464,1.6035674514745464
NFL,Miami Dolphins,12,2,1973,2.6726124191242437,2.6726124191242437
NFL,Washington Redskins,10,4,1973,1.6035674514745464,1.6035674514745464
NFL,Atlanta Falcons,9,5,1973,1.0690449676496976,1.0690449676496976
NFL,Philadelphia Eagles,5,8,1973,-0.8320502943378437,0.8320502943378437
NFL,Minnesota Vikings,12,2,1973,2.6726124191242437,2.6726124191242437
NFL,Oakland Raiders,9,4,1973,1.386750490563073,1.386750490563073
NFL,St. Louis Cardinals,4,9,1973,-1.386750490563073,1.386750490563073
NFL,Cincinnati Bengals,10,4,1973,1.6035674514745464,1.6035674514745464
NFL,Detroit Lions,6,7,1973,-0.2773500981126146,0.2773500981126146
NFL,San Francisco 49ers,5,9,1973,-1.0690449676496976,1.0690449676496976
NFL,Buffalo Bills,9,5,1973,1.0690449676496976,1.0690449676496976
NFL,New England Patriots,5,9,1973,-1.0690449676496976,1.0690449676496976
NFL,New York Jets,4,10,1973,-1.6035674514745464,1.6035674514745464
NFL,Cleveland Browns,7,5,1973,0.5773502691896258,0.5773502691896258
NFL,Kansas City Chiefs,7,5,1973,0.5773502691896258,0.5773502691896258
NFL,Baltimore Colts,4,10,1973,-1.6035674514745464,1.6035674514745464
NFL,New York Giants,2,11,1973,-2.4961508830135313,2.4961508830135313
NFL,Green Bay Packers,5,7,1973,-0.5773502691896258,0.5773502691896258
NFL,Houston Oilers,1,13,1973,-3.2071349029490928,3.2071349029490928
NFL,Chicago Bears,3,11,1973,-2.138089935299395,2.138089935299395
NFL,San Diego Chargers,2,11,1973,-2.4961508830135313,2.4961508830135313
NFL,New Orleans Saints,5,9,1973,-1.0690449676496976,1.0690449676496976
NFL,Oakland Raiders,12,2,1974,2.6726124191242437,2.6726124191242437
NFL,New England Patriots,7,7,1974,0.0,0.0
NFL,Miami Dolphins,11,3,1974,2.138089935299395,2.138089935299395
NFL,Washington Redskins,10,4,1974,1.6035674514745464,1.6035674514745464
NFL,Minnesota Vikings,10,4,1974,1.6035674514745464,1.6035674514745464
NFL,Pittsburgh Steelers,10,3,1974,1.9414506867883021,1.9414506867883021
NFL,Denver Broncos,7,6,1974,0.2773500981126146,0.2773500981126146
NFL,Dallas Cowboys,8,6,1974,0.5345224838248488,0.5345224838248488
NFL,St. Louis Cardinals,10,4,1974,1.6035674514745464,1.6035674514745464
NFL,Cincinnati Bengals,7,7,1974,0.0,0.0
NFL,New York Jets,7,7,1974,0.0,0.0
NFL,Buffalo Bills,9,5,1974,1.0690449676496976,1.0690449676496976
NFL,Los Angeles Rams,10,4,1974,1.6035674514745464,1.6035674514745464
NFL,Detroit Lions,7,7,1974,0.0,0.0
NFL,Cleveland Browns,4,10,1974,-1.6035674514745464,1.6035674514745464
NFL,Philadelphia Eagles,7,7,1974,0.0,0.0
NFL,Houston Oilers,7,7,1974,0.0,0.0
NFL,Kansas City Chiefs,5,9,1974,-1.0690449676496976,1.0690449676496976
NFL,San Francisco 49ers,6,8,1974,-0.5345224838248488,0.5345224838248488
NFL,San Diego Chargers,5,9,1974,-1.0690449676496976,1.0690449676496976
NFL,Green Bay Packers,6,8,1974,-0.5345224838248488,0.5345224838248488
NFL,New York Giants,2,12,1974,-2.6726124191242437,2.6726124191242437
NFL,Baltimore Colts,2,12,1974,-2.6726124191242437,2.6726124191242437
NFL,New Orleans Saints,5,9,1974,-1.0690449676496976,1.0690449676496976
NFL,Chicago Bears,4,10,1974,-1.6035674514745464,1.6035674514745464
NFL,Atlanta Falcons,3,11,1974,-2.138089935299395,2.138089935299395
NFL,Buffalo Bills,8,6,1975,0.5345224838248488,0.5345224838248488
NFL,Baltimore Colts,10,4,1975,1.6035674514745464,1.6035674514745464
NFL,Minnesota Vikings,12,2,1975,2.6726124191242437,2.6726124191242437
NFL,Oakland Raiders,11,3,1975,2.138089935299395,2.138089935299395
NFL,Pittsburgh Steelers,12,2,1975,2.6726124191242437,2.6726124191242437
NFL,Miami Dolphins,10,4,1975,1.6035674514745464,1.6035674514745464
NFL,St. Louis Cardinals,11,3,1975,2.138089935299395,2.138089935299395
NFL,Dallas Cowboys,10,4,1975,1.6035674514745464,1.6035674514745464
NFL,Cincinnati Bengals,11,3,1975,2.138089935299395,2.138089935299395
NFL,Washington Redskins,8,6,1975,0.5345224838248488,0.5345224838248488
NFL,Los Angeles Rams,12,2,1975,2.6726124191242437,2.6726124191242437
NFL,Houston Oilers,10,4,1975,1.6035674514745464,1.6035674514745464
NFL,Kansas City Chiefs,5,9,1975,-1.0690449676496976,1.0690449676496976
NFL,New England Patriots,3,11,1975,-2.138089935299395,2.138089935299395
NFL,New York Jets,3,11,1975,-2.138089935299395,2.138089935299395
NFL,San Francisco 49ers,5,9,1975,-1.0690449676496976,1.0690449676496976
NFL,Denver Broncos,6,8,1975,-0.5345224838248488,0.5345224838248488
NFL,Detroit Lions,7,7,1975,0.0,0.0
NFL,Atlanta Falcons,4,10,1975,-1.6035674514745464,1.6035674514745464
NFL,Green Bay Packers,4,10,1975,-1.6035674514745464,1.6035674514745464
NFL,Philadelphia Eagles,4,10,1975,-1.6035674514745464,1.6035674514745464
NFL,Cleveland Browns,3,11,1975,-2.138089935299395,2.138089935299395
NFL,New York Giants,5,9,1975,-1.0690449676496976,1.0690449676496976
NFL,Chicago Bears,4,10,1975,-1.6035674514745464,1.6035674514745464
NFL,San Diego Chargers,2,12,1975,-2.6726124191242437,2.6726124191242437
NFL,New Orleans Saints,2,12,1975,-2.6726124191242437,2.6726124191242437
NFL,Baltimore Colts,11,3,1976,2.138089935299395,2.138089935299395
NFL,New England Patriots,11,3,1976,2.138089935299395,2.138089935299395
NFL,Los Angeles Rams,10,3,1976,1.9414506867883021,1.9414506867883021
NFL,Oakland Raiders,13,1,1976,3.2071349029490928,3.2071349029490928
NFL,Pittsburgh Steelers,10,4,1976,1.6035674514745464,1.6035674514745464
NFL,Cincinnati Bengals,10,4,1976,1.6035674514745464,1.6035674514745464
NFL,Denver Broncos,9,5,1976,1.0690449676496976,1.0690449676496976
NFL,St. Louis Cardinals,10,4,1976,1.6035674514745464,1.6035674514745464
NFL,Minnesota Vikings,11,2,1976,2.4961508830135313,2.4961508830135313
NFL,Dallas Cowboys,11,3,1976,2.138089935299395,2.138089935299395
NFL,Washington Redskins,10,4,1976,1.6035674514745464,1.6035674514745464
NFL,Kansas City Chiefs,5,9,1976,-1.0690449676496976,1.0690449676496976
NFL,San Francisco 49ers,8,6,1976,0.5345224838248488,0.5345224838248488
NFL,Cleveland Browns,9,5,1976,1.0690449676496976,1.0690449676496976
NFL,Miami Dolphins,6,8,1976,-0.5345224838248488,0.5345224838248488
NFL,Detroit Lions,6,8,1976,-0.5345224838248488,0.5345224838248488
NFL,Chicago Bears,7,7,1976,0.0,0.0
NFL,New Orleans Saints,4,10,1976,-1.6035674514745464,1.6035674514745464
NFL,San Diego Chargers,6,8,1976,-0.5345224838248488,0.5345224838248488
NFL,Buffalo Bills,2,12,1976,-2.6726124191242437,2.6726124191242437
NFL,Seattle Seahawks,2,12,1976,-2.6726124191242437,2.6726124191242437
NFL,Houston Oilers,5,9,1976,-1.0690449676496976,1.0690449676496976
NFL,Green Bay Packers,5,9,1976,-1.0690449676496976,1.0690449676496976
NFL,Atlanta Falcons,4,10,1976,-1.6035674514745464,1.6035674514745464
NFL,New York Giants,3,11,1976,-2.138089935299395,2.138089935299395
NFL,New York Jets,3,11,1976,-2.138089935299395,2.138089935299395
NFL,Philadelphia Eagles,4,10,1976,-1.6035674514745464,1.6035674514745464
NFL,Tampa Bay Buccaneers,0,14,1976,-3.7416573867739413,3.7416573867739413
NFL,Oakland Raiders,11,3,1977,2.138089935299395,2.138089935299395
NFL,Dallas Cowboys,12,2,1977,2.6726124191242437,2.6726124191242437
NFL,Miami Dolphins,10,4,1977,1.6035674514745464,1.6035674514745464
NFL,Los Angeles Rams,10,4,1977,1.6035674514745464,1.6035674514745464
NFL,Houston Oilers,8,6,1977,0.5345224838248488,0.5345224838248488
NFL,Baltimore Colts,10,4,1977,1.6035674514745464,1.6035674514745464
NFL,Pittsburgh Steelers,9,5,1977,1.0690449676496976,1.0690449676496976
NFL,Seattle Seahawks,5,9,1977,-1.0690449676496976,1.0690449676496976
NFL,New England Patriots,9,5,1977,1.0690449676496976,1.0690449676496976
NFL,Denver Broncos,12,2,1977,2.6726124191242437,2.6726124191242437
NFL,St. Louis Cardinals,7,7,1977,0.0,0.0
NFL,Cleveland Browns,6,8,1977,-0.5345224838248488,0.5345224838248488
NFL,Chicago Bears,9,5,1977,1.0690449676496976,1.0690449676496976
NFL,Cincinnati Bengals,8,6,1977,0.5345224838248488,0.5345224838248488
NFL,New Orleans Saints,3,11,1977,-2.138089935299395,2.138089935299395
NFL,Minnesota Vikings,9,5,1977,1.0690449676496976,1.0690449676496976
NFL,Kansas City Chiefs,2,12,1977,-2.6726124191242437,2.6726124191242437
NFL,San Diego Chargers,7,7,1977,0.0,0.0
NFL,San Francisco 49ers,5,9,1977,-1.0690449676496976,1.0690449676496976
NFL,Philadelphia Eagles,5,9,1977,-1.0690449676496976,1.0690449676496976
NFL,Washington Redskins,9,5,1977,1.0690449676496976,1.0690449676496976
NFL,New York Jets,3,11,1977,-2.138089935299395,2.138089935299395
NFL,Detroit Lions,6,8,1977,-0.5345224838248488,0.5345224838248488
NFL,New York Giants,5,9,1977,-1.0690449676496976,1.0690449676496976
NFL,Atlanta Falcons,7,7,1977,0.0,0.0
NFL,Buffalo Bills,3,11,1977,-2.138089935299395,2.138089935299395
NFL,Green Bay Packers,4,10,1977,-1.6035674514745464,1.6035674514745464
NFL,Tampa Bay Buccaneers,2,12,1977,-2.6726124191242437,2.6726124191242437
NFL,Dallas Cowboys,12,4,1978,2.0,2.0
NFL,Miami Dolphins,11,5,1978,1.5,1.5
NFL,New York Jets,8,8,1978,0.0,0.0
NFL,New England Patriots,11,5,1978,1.5,1.5
NFL,Pittsburgh Steelers,14,2,1978,3.0,3.0
NFL,San Diego Chargers,9,7,1978,0.5,0.5
NFL,Seattle Seahawks,9,7,1978,0.5,0.5
NFL,Cleveland Browns,8,8,1978,0.0,0.0
NFL,Los Angeles Rams,12,4,1978,2.0,2.0
NFL,Oakland Raiders,9,7,1978,0.5,0.5
NFL,Buffalo Bills,5,11,1978,-1.5,1.5
NFL,Minnesota Vikings,8,7,1978,0.2581988897471611,0.2581988897471611
NFL,Detroit Lions,7,9,1978,-0.5,0.5
NFL,Houston Oilers,10,6,1978,1.0,1.0
NFL,Denver Broncos,10,6,1978,1.0,1.0
NFL,New Orleans Saints,7,9,1978,-0.5,0.5
NFL,Washington Redskins,8,8,1978,0.0,0.0
NFL,Philadelphia Eagles,9,7,1978,0.5,0.5
NFL,New York Giants,6,10,1978,-1.0,1.0
NFL,Chicago Bears,7,9,1978,-0.5,0.5
NFL,Cincinnati Bengals,4,12,1978,-2.0,2.0
NFL,Green Bay Packers,8,7,1978,0.2581988897471611,0.2581988897471611
NFL,St. Louis Cardinals,6,10,1978,-1.0,1.0
NFL,Kansas City Chiefs,4,12,1978,-2.0,2.0
NFL,Tampa Bay Buccaneers,5,11,1978,-1.5,1.5
NFL,Atlanta Falcons,9,7,1978,0.5,0.5
NFL,Baltimore Colts,5,11,1978,-1.5,1.5
NFL,San Francisco 49ers,2,14,1978,-3.0,3.0
NFL,Pittsburgh Steelers,12,4,1979,2.0,2.0
NFL,San Diego Chargers,12,4,1979,2.0,2.0
NFL,New England Patriots,9,7,1979,0.5,0.5
NFL,Seattle Seahawks,9,7,1979,0.5,0.5
NFL,Dallas Cowboys,11,5,1979,1.5,1.5
NFL,New Orleans Saints,8,8,1979,0.0,0.0
NFL,Oakland Raiders,9,7,1979,0.5,0.5
NFL,Houston Oilers,11,5,1979,1.5,1.5
NFL,Cleveland Browns,9,7,1979,0.5,0.5
NFL,Washington Redskins,10,6,1979,1.0,1.0
NFL,Miami Dolphins,10,6,1979,1.0,1.0
NFL,Philadelphia Eagles,11,5,1979,1.5,1.5
NFL,Cincinnati Bengals,4,12,1979,-2.0,2.0
NFL,New York Jets,8,8,1979,0.0,0.0
NFL,Los Angeles Rams,9,7,1979,0.5,0.5
NFL,San Francisco 49ers,2,14,1979,-3.0,3.0
NFL,St. Louis Cardinals,5,11,1979,-1.5,1.5
NFL,Chicago Bears,10,6,1979,1.0,1.0
NFL,Atlanta Falcons,6,10,1979,-1.0,1.0
NFL,Denver Broncos,10,6,1979,1.0,1.0
NFL,Tampa Bay Buccaneers,10,6,1979,1.0,1.0
NFL,Baltimore Colts,5,11,1979,-1.5,1.5
NFL,Buffalo Bills,7,9,1979,-0.5,0.5
NFL,Minnesota Vikings,7,9,1979,-0.5,0.5
NFL,Green Bay Packers,5,11,1979,-1.5,1.5
NFL,Kansas City Chiefs,7,9,1979,-0.5,0.5
NFL,New York Giants,6,10,1979,-1.0,1.0
NFL,Detroit Lions,2,14,1979,-3.0,3.0
NFL,Dallas Cowboys,12,4,1980,2.0,2.0
NFL,New England Patriots,10,6,1980,1.0,1.0
NFL,Los Angeles Rams,11,5,1980,1.5,1.5
NFL,San Diego Chargers,11,5,1980,1.5,1.5
NFL,Atlanta Falcons,12,4,1980,2.0,2.0
NFL,Philadelphia Eagles,12,4,1980,2.0,2.0
NFL,Oakland Raiders,11,5,1980,1.5,1.5
NFL,Cleveland Browns,11,5,1980,1.5,1.5
NFL,Baltimore Colts,7,9,1980,-0.5,0.5
NFL,Pittsburgh Steelers,9,7,1980,0.5,0.5
NFL,Detroit Lions,9,7,1980,0.5,0.5
NFL,Buffalo Bills,11,5,1980,1.5,1.5
NFL,San Francisco 49ers,6,10,1980,-1.0,1.0
NFL,Kansas City Chiefs,8,8,1980,0.0,0.0
NFL,Minnesota Vikings,9,7,1980,0.5,0.5
NFL,Denver Broncos,8,8,1980,0.0,0.0
NFL,Chicago Bears,7,9,1980,-0.5,0.5
NFL,New York Jets,4,12,1980,-2.0,2.0
NFL,St. Louis Cardinals,5,11,1980,-1.5,1.5
NFL,Houston Oilers,11,5,1980,1.5,1.5
NFL,Seattle Seahawks,4,12,1980,-2.0,2.0
NFL,New Orleans Saints,1,15,1980,-3.5,3.5
NFL,Tampa Bay Buccaneers,5,10,1980,-1.2909944487358056,1.2909944487358056
NFL,Miami Dolphins,8,8,1980,0.0,0.0
NFL,Washington Redskins,6,10,1980,-1.0,1.0
NFL,New York Giants,4,12,1980,-2.0,2.0
NFL,Cincinnati Bengals,6,10,1980,-1.0,1.0
NFL,Green Bay Packers,5,10,1980,-1.2909944487358056,1.2909944487358056
NFL,San Diego Chargers,10,6,1981,1.0,1.0
NFL,Atlanta Falcons,7,9,1981,-0.5,0.5
NFL,Cincinnati Bengals,12,4,1981,2.0,2.0
NFL,Detroit Lions,8,8,1981,0.0,0.0
NFL,Philadelphia Eagles,10,6,1981,1.0,1.0
NFL,Dallas Cowboys,12,4,1981,2.0,2.0
NFL,San Francisco 49ers,13,3,1981,2.5,2.5
NFL,Pittsburgh Steelers,8,8,1981,0.0,0.0
NFL,New York Jets,10,5,1981,1.2909944487358056,1.2909944487358056
NFL,Washington Redskins,8,8,1981,0.0,0.0
NFL,Miami Dolphins,11,4,1981,1.8073922282301278,1.8073922282301278
NFL,Kansas City Chiefs,9,7,1981,0.5,0.5
NFL,Minnesota Vikings,7,9,1981,-0.5,0.5
NFL,Green Bay Packers,8,8,1981,0.0,0.0
NFL,Seattle Seahawks,6,10,1981,-1.0,1.0
NFL,New England Patriots,2,14,1981,-3.0,3.0
NFL,Denver Broncos,10,6,1981,1.0,1.0
NFL,Tampa Bay Buccaneers,9,7,1981,0.5,0.5
NFL,St. Louis Cardinals,7,9,1981,-0.5,0.5
NFL,Buffalo Bills,10,6,1981,1.0,1.0
NFL,Los Angeles Rams,6,10,1981,-1.0,1.0
NFL,New York Giants,9,7,1981,0.5,0.5
NFL,Houston Oilers,7,9,1981,-0.5,0.5
NFL,Cleveland Browns,5,11,1981,-1.5,1.5
NFL,Oakland Raiders,7,9,1981,-0.5,0.5
NFL,Baltimore Colts,2,14,1981,-3.0,3.0
NFL,Chicago Bears,6,10,1981,-1.0,1.0
NFL,New Orleans Saints,4,12,1981,-2.0,2.0
NFL,San Diego Chargers,6,3,1982,1.0,1.0
NFL,Los Angeles Raiders,8,1,1982,2.3333333333333335,2.3333333333333335
NFL,New York Jets,6,3,1982,1.0,1.0
NFL,Cincinnati Bengals,7,2,1982,1.6666666666666667,1.6666666666666667
NFL,Dallas Cowboys,6,3,1982,1.0,1.0
NFL,Green Bay Packers,5,3,1982,0.7071067811865475,0.7071067811865475
NFL,San Francisco 49ers,3,6,1982,-1.0,1.0
NFL,Pittsburgh Steelers,6,3,1982,1.0,1.0
NFL,Los Angeles Rams,2,7,1982,-1.6666666666666667,1.6666666666666667
NFL,Miami Dolphins,7,2,1982,1.6666666666666667,1.6666666666666667
NFL,Philadelphia Eagles,3,6,1982,-1.0,1.0
NFL,Washington Redskins,8,1,1982,2.3333333333333335,2.3333333333333335
NFL,Minnesota Vikings,5,4,1982,0.3333333333333333,0.3333333333333333
NFL,Atlanta Falcons,5,4,1982,0.3333333333333333,0.3333333333333333
NFL,Detroit Lions,4,5,1982,-0.3333333333333333,0.3333333333333333
NFL,Kansas City Chiefs,3,6,1982,-1.0,1.0
NFL,New York Giants,4,5,1982,-0.3333333333333333,0.3333333333333333
NFL,Tampa Bay Buccaneers,5,4,1982,0.3333333333333333,0.3333333333333333
NFL,Buffalo Bills,4,5,1982,-0.3333333333333333,0.3333333333333333
NFL,Denver Broncos,2,7,1982,-1.6666666666666667,1.6666666666666667
NFL,New England Patriots,5,4,1982,0.3333333333333333,0.3333333333333333
NFL,Chicago Bears,3,6,1982,-1.0,1.0
NFL,Cleveland Browns,4,5,1982,-0.3333333333333333,0.3333333333333333
NFL,Houston Oilers,1,8,1982,-2.3333333333333335,2.3333333333333335
NFL,St. Louis Cardinals,5,4,1982,0.3333333333333333,0.3333333333333333
NFL,New Orleans Saints,4,5,1982,-0.3333333333333333,0.3333333333333333
NFL,Seattle Seahawks,4,5,1982,-0.3333333333333333,0.3333333333333333
NFL,Baltimore Colts,0,8,1982,-2.82842712474619,2.82842712474619
NFL,Washington Redskins,14,2,1983,3.0,3.0
NFL,Dallas Cowboys,12,4,1983,2.0,2.0
NFL,Los Angeles Raiders,12,4,1983,2.0,2.0
NFL,San Francisco 49ers,10,6,1983,1.0,1.0
NFL,Green Bay Packers,8,8,1983,0.0,0.0
NFL,Seattle Seahawks,9,7,1983,0.5,0.5
NFL,Miami Dolphins,12,4,1983,2.0,2.0
NFL,Kansas City Chiefs,6,10,1983,-1.0,1.0
NFL,St. Louis Cardinals,8,7,1983,0.2581988897471611,0.2581988897471611
NFL,Atlanta Falcons,7,9,1983,-0.5,0.5
NFL,Los Angeles Rams,9,7,1983,0.5,0.5
NFL,San Diego Chargers,6,10,1983,-1.0,1.0
NFL,Cleveland Browns,9,7,1983,0.5,0.5
NFL,Pittsburgh Steelers,10,6,1983,1.0,1.0
NFL,Detroit Lions,9,7,1983,0.5,0.5
NFL,Cincinnati Bengals,7,9,1983,-0.5,0.5
NFL,New Orleans Saints,8,8,1983,0.0,0.0
NFL,Minnesota Vikings,8,8,1983,0.0,0.0
NFL,New York Jets,7,9,1983,-0.5,0.5
NFL,Chicago Bears,8,8,1983,0.0,0.0
NFL,Denver Broncos,9,7,1983,0.5,0.5
NFL,Houston Oilers,2,14,1983,-3.0,3.0
NFL,Buffalo Bills,8,8,1983,0.0,0.0
NFL,New England Patriots,8,8,1983,0.0,0.0
NFL,New York Giants,3,12,1983,-2.32379000772445,2.32379000772445
NFL,Baltimore Colts,7,9,1983,-0.5,0.5
NFL,Tampa Bay Buccaneers,2,14,1983,-3.0,3.0
NFL,Philadelphia Eagles,5,11,1983,-1.5,1.5
NFL,Miami Dolphins,14,2,1984,3.0,3.0
NFL,San Francisco 49ers,15,1,1984,3.5,3.5
NFL,Washington Redskins,11,5,1984,1.5,1.5
NFL,St. Louis Cardinals,9,7,1984,0.5,0.5
NFL,Seattle Seahawks,12,4,1984,2.0,2.0
NFL,San Diego Chargers,7,9,1984,-0.5,0.5
NFL,Green Bay Packers,8,8,1984,0.0,0.0
NFL,Pittsburgh Steelers,9,7,1984,0.5,0.5
NFL,Los Angeles Raiders,11,5,1984,1.5,1.5
NFL,New England Patriots,9,7,1984,0.5,0.5
NFL,Denver Broncos,13,3,1984,2.5,2.5
NFL,Los Angeles Rams,10,6,1984,1.0,1.0
NFL,Cincinnati Bengals,8,8,1984,0.0,0.0
NFL,Tampa Bay Buccaneers,6,10,1984,-1.0,1.0
NFL,New York Jets,7,9,1984,-0.5,0.5
NFL,Chicago Bears,10,6,1984,1.0,1.0
NFL,Kansas City Chiefs,8,8,1984,0.0,0.0
NFL,Dallas Cowboys,9,7,1984,0.5,0.5
NFL,New York Giants,9,7,1984,0.5,0.5
NFL,New Orleans Saints,7,9,1984,-0.5,0.5
NFL,Detroit Lions,4,11,1984,-1.8073922282301278,1.8073922282301278
NFL,Atlanta Falcons,4,12,1984,-2.0,2.0
NFL,Philadelphia Eagles,6,9,1984,-0.7745966692414834,0.7745966692414834
NFL,Minnesota Vikings,3,13,1984,-2.5,2.5
NFL,Cleveland Browns,5,11,1984,-1.5,1.5
NFL,Buffalo Bills,2,14,1984,-3.0,3.0
NFL,Houston Oilers,3,13,1984,-2.5,2.5
NFL,Indianapolis Colts,4,12,1984,-2.0,2.0
NFL,San Diego Chargers,8,8,1985,0.0,0.0
NFL,Chicago Bears,15,1,1985,3.5,3.5
NFL,Cincinnati Bengals,7,9,1985,-0.5,0.5
NFL,Miami Dolphins,12,4,1985,2.0,2.0
NFL,San Francisco 49ers,10,6,1985,1.0,1.0
NFL,New York Giants,10,6,1985,1.0,1.0
NFL,New York Jets,11,5,1985,1.5,1.5
NFL,Denver Broncos,11,5,1985,1.5,1.5
NFL,Pittsburgh Steelers,7,9,1985,-0.5,0.5
NFL,New England Patriots,11,5,1985,1.5,1.5
NFL,Dallas Cowboys,10,6,1985,1.0,1.0
NFL,Los Angeles Raiders,12,4,1985,2.0,2.0
NFL,Seattle Seahawks,8,8,1985,0.0,0.0
NFL,Minnesota Vikings,7,9,1985,-0.5,0.5
NFL,Los Angeles Rams,11,5,1985,1.5,1.5
NFL,Green Bay Packers,8,8,1985,0.0,0.0
NFL,Indianapolis Colts,5,11,1985,-1.5,1.5
NFL,Kansas City Chiefs,6,10,1985,-1.0,1.0
NFL,Detroit Lions,7,9,1985,-0.5,0.5
NFL,Washington Redskins,10,6,1985,1.0,1.0
NFL,Tampa Bay Buccaneers,2,14,1985,-3.0,3.0
NFL,New Orleans Saints,5,11,1985,-1.5,1.5
NFL,Cleveland Browns,8,8,1985,0.0,0.0
NFL,Philadelphia Eagles,7,9,1985,-0.5,0.5
NFL,Houston Oilers,5,11,1985,-1.5,1.5
NFL,Atlanta Falcons,4,12,1985,-2.0,2.0
NFL,St. Louis Cardinals,5,11,1985,-1.5,1.5
NFL,Buffalo Bills,2,14,1985,-3.0,3.0
NFL,Miami Dolphins,8,8,1986,0.0,0.0
NFL,New England Patriots,11,5,1986,1.5,1.5
NFL,Cincinnati Bengals,10,6,1986,1.0,1.0
NFL,Minnesota Vikings,9,7,1986,0.5,0.5
NFL,Cleveland Browns,12,4,1986,2.0,2.0
NFL,Denver Broncos,11,5,1986,1.5,1.5
NFL,San Francisco 49ers,10,5,1986,1.2909944487358056,1.2909944487358056
NFL,New York Giants,14,2,1986,3.0,3.0
NFL,Washington Redskins,12,4,1986,2.0,2.0
NFL,Seattle Seahawks,10,6,1986,1.0,1.0
NFL,New York Jets,10,6,1986,1.0,1.0
NFL,Kansas City Chiefs,10,6,1986,1.0,1.0
NFL,Chicago Bears,14,2,1986,3.0,3.0
NFL,Dallas Cowboys,7,9,1986,-0.5,0.5
NFL,San Diego Chargers,4,12,1986,-2.0,2.0
NFL,Los Angeles Raiders,8,8,1986,0.0,0.0
NFL,Los Angeles Rams,10,6,1986,1.0,1.0
NFL,Pittsburgh Steelers,6,10,1986,-1.0,1.0
NFL,New Orleans Saints,7,9,1986,-0.5,0.5
NFL,Buffalo Bills,4,12,1986,-2.0,2.0
NFL,Atlanta Falcons,7,8,1986,-0.2581988897471611,0.2581988897471611
NFL,Detroit Lions,5,11,1986,-1.5,1.5
NFL,Houston Oilers,5,11,1986,-1.5,1.5
NFL,Philadelphia Eagles,5,10,1986,-1.2909944487358056,1.2909944487358056
NFL,Green Bay Packers,4,12,1986,-2.0,2.0
NFL,Tampa Bay Buccaneers,2,14,1986,-3.0,3.0
NFL,Indianapolis Colts,3,13,1986,-2.5,2.5
NFL,St. Louis Cardinals,4,11,1986,-1.8073922282301278,1.8073922282301278
NFL,San Francisco 49ers,13,2,1987,2.840187787218772,2.840187787218772
NFL,New Orleans Saints,12,3,1987,2.32379000772445,2.32379000772445
NFL,Cleveland Browns,10,5,1987,1.2909944487358056,1.2909944487358056
NFL,Washington Redskins,11,4,1987,1.8073922282301278,1.8073922282301278
NFL,Denver Broncos,10,4,1987,1.6035674514745464,1.6035674514745464
NFL,Seattle Seahawks,9,6,1987,0.7745966692414834,0.7745966692414834
NFL,St. Louis Cardinals,7,8,1987,-0.2581988897471611,0.2581988897471611
NFL,Miami Dolphins,8,7,1987,0.2581988897471611,0.2581988897471611
NFL,Chicago Bears,11,4,1987,1.8073922282301278,1.8073922282301278
NFL,Houston Oilers,9,6,1987,0.7745966692414834,0.7745966692414834
NFL,Dallas Cowboys,7,8,1987,-0.2581988897471611,0.2581988897471611
NFL,Philadelphia Eagles,7,8,1987,-0.2581988897471611,0.2581988897471611
NFL,Minnesota Vikings,8,7,1987,0.2581988897471611,0.2581988897471611
NFL,New York Jets,6,9,1987,-0.7745966692414834,0.7745966692414834
NFL,New England Patriots,8,7,1987,0.2581988897471611,0.2581988897471611
NFL,Los Angeles Rams,6,9,1987,-0.7745966692414834,0.7745966692414834
NFL,Los Angeles Raiders,5,10,1987,-1.2909944487358056,1.2909944487358056
NFL,Indianapolis Colts,9,6,1987,0.7745966692414834,0.7745966692414834
NFL,Tampa Bay Buccaneers,4,11,1987,-1.8073922282301278,1.8073922282301278
NFL,Cincinnati Bengals,4,11,1987,-1.8073922282301278,1.8073922282301278
NFL,Pittsburgh Steelers,8,7,1987,0.2581988897471611,0.2581988897471611
NFL,New York Giants,6,9,1987,-0.7745966692414834,0.7745966692414834
NFL,Kansas City Chiefs,4,11,1987,-1.8073922282301278,1.8073922282301278
NFL,Buffalo Bills,7,8,1987,-0.2581988897471611,0.2581988897471611
NFL,Detroit Lions,4,11,1987,-1.8073922282301278,1.8073922282301278
NFL,Green Bay Packers,5,9,1987,-1.0690449676496976,1.0690449676496976
NFL,San Diego Chargers,8,7,1987,0.2581988897471611,0.2581988897471611
NFL,Atlanta Falcons,3,12,1987,-2.32379000772445,2.32379000772445
NFL,Cincinnati Bengals,12,4,1988,2.0,2.0
NFL,Houston Oilers,10,6,1988,1.0,1.0
NFL,Los Angeles Rams,10,6,1988,1.0,1.0
NFL,Minnesota Vikings,11,5,1988,1.5,1.5
NFL,Philadelphia Eagles,10,6,1988,1.0,1.0
NFL,New York Jets,8,7,1988,0.2581988897471611,0.2581988897471611
NFL,San Francisco 49ers,10,6,1988,1.0,1.0
NFL,New York Giants,10,6,1988,1.0,1.0
NFL,Indianapolis Colts,9,7,1988,0.5,0.5
NFL,Washington Redskins,7,9,1988,-0.5,0.5
NFL,Phoenix Cardinals,7,9,1988,-0.5,0.5
NFL,Seattle Seahawks,9,7,1988,0.5,0.5
NFL,Pittsburgh Steelers,5,11,1988,-1.5,1.5
NFL,Buffalo Bills,12,4,1988,2.0,2.0
NFL,Denver Broncos,8,8,1988,0.0,0.0
NFL,Los Angeles Raiders,7,9,1988,-0.5,0.5
NFL,Miami Dolphins,6,10,1988,-1.0,1.0
NFL,New Orleans Saints,10,6,1988,1.0,1.0
NFL,Chicago Bears,12,4,1988,2.0,2.0
NFL,Cleveland Browns,10,6,1988,1.0,1.0
NFL,Dallas Cowboys,3,13,1988,-2.5,2.5
NFL,Tampa Bay Buccaneers,5,11,1988,-1.5,1.5
NFL,Kansas City Chiefs,4,11,1988,-1.8073922282301278,1.8073922282301278
NFL,New England Patriots,9,7,1988,0.5,0.5
NFL,Atlanta Falcons,5,11,1988,-1.5,1.5
NFL,Green Bay Packers,4,12,1988,-2.0,2.0
NFL,San Diego Chargers,6,10,1988,-1.0,1.0
NFL,Detroit Lions,4,12,1988,-2.0,2.0
NFL,San Francisco 49ers,14,2,1989,3.0,3.0
NFL,Los Angeles Rams,11,5,1989,1.5,1.5
NFL,Buffalo Bills,9,7,1989,0.5,0.5
NFL,Cincinnati Bengals,8,8,1989,0.0,0.0
NFL,Washington Redskins,10,6,1989,1.0,1.0
NFL,New Orleans Saints,9,7,1989,0.5,0.5
NFL,Houston Oilers,9,7,1989,0.5,0.5
NFL,Denver Broncos,11,5,1989,1.5,1.5
NFL,Green Bay Packers,10,6,1989,1.0,1.0
NFL,Chicago Bears,6,10,1989,-1.0,1.0
NFL,Minnesota Vikings,10,6,1989,1.0,1.0
NFL,New York Giants,12,4,1989,2.0,2.0
NFL,Philadelphia Eagles,11,5,1989,1.5,1.5
NFL,Cleveland Browns,9,6,1989,0.7745966692414834,0.7745966692414834
NFL,Miami Dolphins,8,8,1989,0.0,0.0
NFL,Tampa Bay Buccaneers,5,11,1989,-1.5,1.5
NFL,Kansas City Chiefs,8,7,1989,0.2581988897471611,0.2581988897471611
NFL,Los Angeles Raiders,8,8,1989,0.0,0.0
NFL,Detroit Lions,7,9,1989,-0.5,0.5
NFL,Indianapolis Colts,8,8,1989,0.0,0.0
NFL,New England Patriots,5,11,1989,-1.5,1.5
NFL,Atlanta Falcons,3,13,1989,-2.5,2.5
NFL,San Diego Chargers,6,10,1989,-1.0,1.0
NFL,Pittsburgh Steelers,9,7,1989,0.5,0.5
NFL,Phoenix Cardinals,5,11,1989,-1.5,1.5
NFL,New York Jets,4,12,1989,-2.0,2.0
NFL,Seattle Seahawks,7,9,1989,-0.5,0.5
NFL,Dallas Cowboys,1,15,1989,-3.5,3.5
NFL,Buffalo Bills,13,3,1990,2.5,2.5
NFL,Houston Oilers,9,7,1990,0.5,0.5
NFL,Philadelphia Eagles,10,6,1990,1.0,1.0
NFL,Washington Redskins,10,6,1990,1.0,1.0
NFL,Detroit Lions,6,10,1990,-1.0,1.0
NFL,Kansas City Chiefs,11,5,1990,1.5,1.5
NFL,Cincinnati Bengals,9,7,1990,0.5,0.5
NFL,San Francisco 49ers,14,2,1990,3.0,3.0
NFL,Minnesota Vikings,6,10,1990,-1.0,1.0
NFL,Atlanta Falcons,5,11,1990,-1.5,1.5
NFL,Chicago Bears,11,5,1990,1.5,1.5
NFL,Los Angeles Rams,5,11,1990,-1.5,1.5
NFL,Los Angeles Raiders,12,4,1990,2.0,2.0
NFL,Miami Dolphins,12,4,1990,2.0,2.0
NFL,New York Giants,13,3,1990,2.5,2.5
NFL,Denver Broncos,5,11,1990,-1.5,1.5
NFL,San Diego Chargers,6,10,1990,-1.0,1.0
NFL,Seattle Seahawks,9,7,1990,0.5,0.5
NFL,New York Jets,6,10,1990,-1.0,1.0
NFL,Pittsburgh Steelers,9,7,1990,0.5,0.5
NFL,Indianapolis Colts,7,9,1990,-0.5,0.5
NFL,New Orleans Saints,8,8,1990,0.0,0.0
NFL,Green Bay Packers,6,10,1990,-1.0,1.0
NFL,Phoenix Cardinals,5,11,1990,-1.5,1.5
NFL,Tampa Bay Buccaneers,6,10,1990,-1.0,1.0
NFL,Dallas Cowboys,7,9,1990,-0.5,0.5
NFL,Cleveland Browns,3,13,1990,-2.5,2.5
NFL,New England Patriots,1,15,1990,-3.5,3.5
NFL,Washington Redskins,14,2,1991,3.0,3.0
NFL,Buffalo Bills,13,3,1991,2.5,2.5
NFL,San Francisco 49ers,10,6,1991,1.0,1.0
NFL,Houston Oilers,11,5,1991,1.5,1.5
NFL,Atlanta Falcons,10,6,1991,1.0,1.0
NFL,Miami Dolphins,8,8,1991,0.0,0.0
NFL,Dallas Cowboys,11,5,1991,1.5,1.5
NFL,New Orleans Saints,11,5,1991,1.5,1.5
NFL,Detroit Lions,12,4,1991,2.0,2.0
NFL,Kansas City Chiefs,10,6,1991,1.0,1.0
NFL,New York Jets,8,8,1991,0.0,0.0
NFL,Denver Broncos,12,4,1991,2.0,2.0
NFL,Minnesota Vikings,8,8,1991,0.0,0.0
NFL,Chicago Bears,11,5,1991,1.5,1.5
NFL,Los Angeles Raiders,9,7,1991,0.5,0.5
NFL,Cleveland Browns,6,10,1991,-1.0,1.0
NFL,Pittsburgh Steelers,7,9,1991,-0.5,0.5
NFL,Philadelphia Eagles,10,6,1991,1.0,1.0
NFL,New York Giants,8,8,1991,0.0,0.0
NFL,Seattle Seahawks,7,9,1991,-0.5,0.5
NFL,San Diego Chargers,4,12,1991,-2.0,2.0
NFL,Green Bay Packers,4,12,1991,-2.0,2.0
NFL,Cincinnati Bengals,3,13,1991,-2.5,2.5
NFL,Los Angeles Rams,3,13,1991,-2.5,2.5
NFL,New England Patriots,6,10,1991,-1.0,1.0
NFL,Tampa Bay Buccaneers,3,13,1991,-2.5,2.5
NFL,Phoenix Cardinals,4,12,1991,-2.0,2.0
NFL,Indianapolis Colts,1,15,1991,-3.5,3.5
NFL,San Francisco 49ers,14,2,1992,3.0,3.0
NFL,Dallas Cowboys,13,3,1992,2.5,2.5
NFL,Buffalo Bills,11,5,1992,1.5,1.5
NFL,Minnesota Vikings,11,5,1992,1.5,1.5
NFL,Philadelphia Eagles,11,5,1992,1.5,1.5
NFL,Houston Oilers,10,6,1992,1.0,1.0
NFL,Kansas City Chiefs,10,6,1992,1.0,1.0
NFL,Miami Dolphins,11,5,1992,1.5,1.5
NFL,San Diego Chargers,11,5,1992,1.5,1.5
NFL,New Orleans Saints,12,4,1992,2.0,2.0
NFL,Atlanta Falcons,6,10,1992,-1.0,1.0
NFL,Los Angeles Rams,6,10,1992,-1.0,1.0
NFL,New York Giants,6,10,1992,-1.0,1.0
NFL,Washington Redskins,9,7,1992,0.5,0.5
NFL,Pittsburgh Steelers,11,5,1992,1.5,1.5
NFL,Chicago Bears,5,11,1992,-1.5,1.5
NFL,Green Bay Packers,9,7,1992,0.5,0.5
NFL,Cincinnati Bengals,5,11,1992,-1.5,1.5
NFL,Detroit Lions,5,11,1992,-1.5,1.5
NFL,Cleveland Browns,7,9,1992,-0.5,0.5
NFL,Tampa Bay Buccaneers,5,11,1992,-1.5,1.5
NFL,Denver Broncos,8,8,1992,0.0,0.0
NFL,Los Angeles Raiders,7,9,1992,-0.5,0.5
NFL,Phoenix Cardinals,4,12,1992,-2.0,2.0
NFL,New York Jets,4,12,1992,-2.0,2.0
NFL,Indianapolis Colts,9,7,1992,0.5,0.5
NFL,New England Patriots,2,14,1992,-3.0,3.0
NFL,Seattle Seahawks,2,14,1992,-3.0,3.0
NFL,San Francisco 49ers,10,6,1993,1.0,1.0
NFL,Dallas Cowboys,12,4,1993,2.0,2.0
NFL,Denver Broncos,9,7,1993,0.5,0.5
NFL,Houston Oilers,12,4,1993,2.0,2.0
NFL,Miami Dolphins,9,7,1993,0.5,0.5
NFL,Green Bay Packers,9,7,1993,0.5,0.5
NFL,Buffalo Bills,12,4,1993,2.0,2.0
NFL,Kansas City Chiefs,11,5,1993,1.5,1.5
NFL,Phoenix Cardinals,7,9,1993,-0.5,0.5
NFL,San Diego Chargers,8,8,1993,0.0,0.0
NFL,New Orleans Saints,8,8,1993,0.0,0.0
NFL,Atlanta Falcons,6,10,1993,-1.0,1.0
NFL,Pittsburgh Steelers,9,7,1993,0.5,0.5
NFL,Los Angeles Raiders,10,6,1993,1.0,1.0
NFL,Cleveland Browns,7,9,1993,-0.5,0.5
NFL,Detroit Lions,10,6,1993,1.0,1.0
NFL,Philadelphia Eagles,8,8,1993,0.0,0.0
NFL,New York Giants,11,5,1993,1.5,1.5
NFL,Seattle Seahawks,6,10,1993,-1.0,1.0
NFL,Minnesota Vikings,9,7,1993,0.5,0.5
NFL,New York Jets,8,8,1993,0.0,0.0
NFL,New England Patriots,5,11,1993,-1.5,1.5
NFL,Tampa Bay Buccaneers,5,11,1993,-1.5,1.5
NFL,Chicago Bears,7,9,1993,-0.5,0.5
NFL,Washington Redskins,4,12,1993,-2.0,2.0
NFL,Los Angeles Rams,5,11,1993,-1.5,1.5
NFL,Indianapolis Colts,4,12,1993,-2.0,2.0
NFL,Cincinnati Bengals,3,13,1993,-2.5,2.5
NFL,San Francisco 49ers,13,3,1994,2.5,2.5
NFL,Dallas Cowboys,12,4,1994,2.0,2.0
NFL,Miami Dolphins,10,6,1994,1.0,1.0
NFL,Green Bay Packers,9,7,1994,0.5,0.5
NFL,San Diego Chargers,11,5,1994,1.5,1.5
NFL,Detroit Lions,9,7,1994,0.5,0.5
NFL,Minnesota Vikings,10,6,1994,1.0,1.0
NFL,New England Patriots,10,6,1994,1.0,1.0
NFL,New Orleans Saints,7,9,1994,-0.5,0.5
NFL,Denver Broncos,7,9,1994,-0.5,0.5
NFL,Cleveland Browns,11,5,1994,1.5,1.5
NFL,Buffalo Bills,7,9,1994,-0.5,0.5
NFL,Washington Redskins,3,13,1994,-2.5,2.5
NFL,Kansas City Chiefs,9,7,1994,0.5,0.5
NFL,Atlanta Falcons,7,9,1994,-0.5,0.5
NFL,Pittsburgh Steelers,12,4,1994,2.0,2.0
NFL,Philadelphia Eagles,7,9,1994,-0.5,0.5
NFL,Indianapolis Colts,8,8,1994,0.0,0.0
NFL,Los Angeles Raiders,9,7,1994,0.5,0.5
NFL,Seattle Seahawks,6,10,1994,-1.0,1.0
NFL,Los Angeles Rams,4,12,1994,-2.0,2.0
NFL,New York Giants,9,7,1994,0.5,0.5
NFL,Cincinnati Bengals,3,13,1994,-2.5,2.5
NFL,Chicago Bears,9,7,1994,0.5,0.5
NFL,New York Jets,6,10,1994,-1.0,1.0
NFL,Tampa Bay Buccaneers,6,10,1994,-1.0,1.0
NFL,Arizona Cardinals,8,8,1994,0.0,0.0
NFL,Houston Oilers,2,14,1994,-3.0,3.0
NFL,San Francisco 49ers,11,5,1995,1.5,1.5
NFL,Detroit Lions,10,6,1995,1.0,1.0
NFL,Dallas Cowboys,12,4,1995,2.0,2.0
NFL,Minnesota Vikings,8,8,1995,0.0,0.0
NFL,Pittsburgh Steelers,11,5,1995,1.5,1.5
NFL,Green Bay Packers,11,5,1995,1.5,1.5
NFL,Miami Dolphins,9,7,1995,0.5,0.5
NFL,Chicago Bears,9,7,1995,0.5,0.5
NFL,Denver Broncos,8,8,1995,0.0,0.0
NFL,Seattle Seahawks,8,8,1995,0.0,0.0
NFL,Atlanta Falcons,9,7,1995,0.5,0.5
NFL,Kansas City Chiefs,13,3,1995,2.5,2.5
NFL,Buffalo Bills,10,6,1995,1.0,1.0
NFL,Cincinnati Bengals,7,9,1995,-0.5,0.5
NFL,Houston Oilers,7,9,1995,-0.5,0.5
NFL,Oakland Raiders,8,8,1995,0.0,0.0
NFL,Indianapolis Colts,9,7,1995,0.5,0.5
NFL,Washington Redskins,6,10,1995,-1.0,1.0
NFL,San Diego Chargers,9,7,1995,0.5,0.5
NFL,New Orleans Saints,7,9,1995,-0.5,0.5
NFL,Philadelphia Eagles,10,6,1995,1.0,1.0
NFL,St. Louis Rams,7,9,1995,-0.5,0.5
NFL,New England Patriots,6,10,1995,-1.0,1.0
NFL,New York Giants,5,11,1995,-1.5,1.5
NFL,Cleveland Browns,5,11,1995,-1.5,1.5
NFL,Carolina Panthers,7,9,1995,-0.5,0.5
NFL,Jacksonville Jaguars,4,12,1995,-2.0,2.0
NFL,Arizona Cardinals,4,12,1995,-2.0,2.0
NFL,Tampa Bay Buccaneers,7,9,1995,-0.5,0.5
NFL,New York Jets,3,13,1995,-2.5,2.5
NFL,Green Bay Packers,13,3,1996,2.5,2.5
NFL,New England Patriots,11,5,1996,1.5,1.5
NFL,San Francisco 49ers,12,4,1996,2.0,2.0
NFL,Denver Broncos,13,3,1996,2.5,2.5
NFL,Cincinnati Bengals,8,8,1996,0.0,0.0
NFL,Baltimore Ravens,4,12,1996,-2.0,2.0
NFL,Carolina Panthers,12,4,1996,2.0,2.0
NFL,Washington Redskins,9,7,1996,0.5,0.5
NFL,Philadelphia Eagles,10,6,1996,1.0,1.0
NFL,Houston Oilers,8,8,1996,0.0,0.0
NFL,Pittsburgh Steelers,10,6,1996,1.0,1.0
NFL,Oakland Raiders,7,9,1996,-0.5,0.5
NFL,Miami Dolphins,8,8,1996,0.0,0.0
NFL,Jacksonville Jaguars,9,7,1996,0.5,0.5
NFL,Buffalo Bills,10,6,1996,1.0,1.0
NFL,Indianapolis Colts,9,7,1996,0.5,0.5
NFL,Seattle Seahawks,7,9,1996,-0.5,0.5
NFL,San Diego Chargers,8,8,1996,0.0,0.0
NFL,Atlanta Falcons,3,13,1996,-2.5,2.5
NFL,St. Louis Rams,6,10,1996,-1.0,1.0
NFL,Detroit Lions,5,11,1996,-1.5,1.5
NFL,Arizona Cardinals,7,9,1996,-0.5,0.5
NFL,Minnesota Vikings,9,7,1996,0.5,0.5
NFL,Kansas City Chiefs,9,7,1996,0.5,0.5
NFL,Dallas Cowboys,10,6,1996,1.0,1.0
NFL,Chicago Bears,7,9,1996,-0.5,0.5
NFL,New York Jets,1,15,1996,-3.5,3.5
NFL,New York Giants,6,10,1996,-1.0,1.0
NFL,New Orleans Saints,3,13,1996,-2.5,2.5
NFL,Tampa Bay Buccaneers,6,10,1996,-1.0,1.0
NFL,Denver Broncos,12,4,1997,2.0,2.0
NFL,Green Bay Packers,13,3,1997,2.5,2.5
NFL,Jacksonville Jaguars,11,5,1997,1.5,1.5
NFL,Detroit Lions,9,7,1997,0.5,0.5
NFL,San Francisco 49ers,13,3,1997,2.5,2.5
NFL,Kansas City Chiefs,13,3,1997,2.5,2.5
NFL,Pittsburgh Steelers,11,5,1997,1.5,1.5
NFL,New England Patriots,10,6,1997,1.0,1.0
NFL,Seattle Seahawks,8,8,1997,0.0,0.0
NFL,Cincinnati Bengals,7,9,1997,-0.5,0.5
NFL,Minnesota Vikings,9,7,1997,0.5,0.5
NFL,New York Jets,9,7,1997,0.5,0.5
NFL,Miami Dolphins,9,7,1997,0.5,0.5
NFL,Tennessee Oilers,8,8,1997,0.0,0.0
NFL,Washington Redskins,8,7,1997,0.2581988897471611,0.2581988897471611
NFL,Baltimore Ravens,6,9,1997,-0.7745966692414834,0.7745966692414834
NFL,Oakland Raiders,4,12,1997,-2.0,2.0
NFL,Atlanta Falcons,7,9,1997,-0.5,0.5
NFL,Philadelphia Eagles,6,9,1997,-0.7745966692414834,0.7745966692414834
NFL,Indianapolis Colts,3,13,1997,-2.5,2.5
NFL,New York Giants,10,5,1997,1.2909944487358056,1.2909944487358056
NFL,Dallas Cowboys,6,10,1997,-1.0,1.0
NFL,Tampa Bay Buccaneers,10,6,1997,1.0,1.0
NFL,St. Louis Rams,5,11,1997,-1.5,1.5
NFL,Arizona Cardinals,4,12,1997,-2.0,2.0
NFL,San Diego Chargers,4,12,1997,-2.0,2.0
NFL,Carolina Panthers,7,9,1997,-0.5,0.5
NFL,Chicago Bears,4,12,1997,-2.0,2.0
NFL,Buffalo Bills,6,10,1997,-1.0,1.0
NFL,New Orleans Saints,6,10,1997,-1.0,1.0
NFL,Minnesota Vikings,15,1,1998,3.5,3.5
NFL,Denver Broncos,14,2,1998,3.0,3.0
NFL,San Francisco 49ers,12,4,1998,2.0,2.0
NFL,Atlanta Falcons,14,2,1998,3.0,3.0
NFL,New York Jets,12,4,1998,2.0,2.0
NFL,Green Bay Packers,11,5,1998,1.5,1.5
NFL,Buffalo Bills,10,6,1998,1.0,1.0
NFL,Jacksonville Jaguars,11,5,1998,1.5,1.5
NFL,Dallas Cowboys,10,6,1998,1.0,1.0
NFL,Seattle Seahawks,8,8,1998,0.0,0.0
NFL,New England Patriots,9,7,1998,0.5,0.5
NFL,Carolina Panthers,4,12,1998,-2.0,2.0
NFL,Tennessee Oilers,8,8,1998,0.0,0.0
NFL,Kansas City Chiefs,7,9,1998,-0.5,0.5
NFL,Arizona Cardinals,9,7,1998,0.5,0.5
NFL,Miami Dolphins,10,6,1998,1.0,1.0
NFL,Washington Redskins,6,10,1998,-1.0,1.0
NFL,Tampa Bay Buccaneers,8,8,1998,0.0,0.0
NFL,Indianapolis Colts,3,13,1998,-2.5,2.5
NFL,Detroit Lions,5,11,1998,-1.5,1.5
NFL,New Orleans Saints,6,10,1998,-1.0,1.0
NFL,Oakland Raiders,8,8,1998,0.0,0.0
NFL,New York Giants,8,8,1998,0.0,0.0
NFL,St. Louis Rams,4,12,1998,-2.0,2.0
NFL,Chicago Bears,4,12,1998,-2.0,2.0
NFL,Baltimore Ravens,6,10,1998,-1.0,1.0
NFL,Cincinnati Bengals,3,13,1998,-2.5,2.5
NFL,Pittsburgh Steelers,7,9,1998,-0.5,0.5
NFL,San Diego Chargers,5,11,1998,-1.5,1.5
NFL,Philadelphia Eagles,3,13,1998,-2.5,2.5
NFL,St. Louis Rams,13,3,1999,2.5,2.5
NFL,Washington Redskins,10,6,1999,1.0,1.0
NFL,Indianapolis Colts,13,3,1999,2.5,2.5
NFL,Carolina Panthers,8,8,1999,0.0,0.0
NFL,Minnesota Vikings,10,6,1999,1.0,1.0
NFL,Jacksonville Jaguars,14,2,1999,3.0,3.0
NFL,Tennessee Titans,13,3,1999,2.5,2.5
NFL,Kansas City Chiefs,9,7,1999,0.5,0.5
NFL,Oakland Raiders,8,8,1999,0.0,0.0
NFL,Green Bay Packers,8,8,1999,0.0,0.0
NFL,Dallas Cowboys,8,8,1999,0.0,0.0
NFL,Seattle Seahawks,9,7,1999,0.5,0.5
NFL,Miami Dolphins,9,7,1999,0.5,0.5
NFL,Baltimore Ravens,8,8,1999,0.0,0.0
NFL,Detroit Lions,8,8,1999,0.0,0.0
NFL,Buffalo Bills,11,5,1999,1.5,1.5
NFL,Pittsburgh Steelers,6,10,1999,-1.0,1.0
NFL,Denver Broncos,6,10,1999,-1.0,1.0
NFL,New York Jets,8,8,1999,0.0,0.0
NFL,New England Patriots,8,8,1999,0.0,0.0
NFL,New York Giants,7,9,1999,-0.5,0.5
NFL,San Francisco 49ers,4,12,1999,-2.0,2.0
NFL,Atlanta Falcons,5,11,1999,-1.5,1.5
NFL,Cincinnati Bengals,4,12,1999,-2.0,2.0
NFL,Philadelphia Eagles,5,11,1999,-1.5,1.5
NFL,Chicago Bears,6,10,1999,-1.0,1.0
NFL,Tampa Bay Buccaneers,11,5,1999,1.5,1.5
NFL,San Diego Chargers,8,8,1999,0.0,0.0
NFL,New Orleans Saints,3,13,1999,-2.5,2.5
NFL,Arizona Cardinals,6,10,1999,-1.0,1.0
NFL,Cleveland Browns,2,14,1999,-3.0,3.0
NFL,St. Louis Rams,10,6,2000,1.0,1.0
NFL,Denver Broncos,11,5,2000,1.5,1.5
NFL,Oakland Raiders,12,4,2000,2.0,2.0
NFL,Indianapolis Colts,10,6,2000,1.0,1.0
NFL,Minnesota Vikings,11,5,2000,1.5,1.5
NFL,San Francisco 49ers,6,10,2000,-1.0,1.0
NFL,Tampa Bay Buccaneers,10,6,2000,1.0,1.0
NFL,Jacksonville Jaguars,7,9,2000,-0.5,0.5
NFL,Kansas City Chiefs,7,9,2000,-0.5,0.5
NFL,New Orleans Saints,10,6,2000,1.0,1.0
NFL,Green Bay Packers,9,7,2000,0.5,0.5
NFL,Philadelphia Eagles,11,5,2000,1.5,1.5
NFL,Tennessee Titans,13,3,2000,2.5,2.5
NFL,Baltimore Ravens,12,4,2000,2.0,2.0
NFL,New York Giants,12,4,2000,2.0,2.0
NFL,Miami Dolphins,11,5,2000,1.5,1.5
NFL,Pittsburgh Steelers,9,7,2000,0.5,0.5
NFL,New York Jets,9,7,2000,0.5,0.5
NFL,Seattle Seahawks,6,10,2000,-1.0,1.0
NFL,Buffalo Bills,8,8,2000,0.0,0.0
NFL,Carolina Panthers,7,9,2000,-0.5,0.5
NFL,Detroit Lions,9,7,2000,0.5,0.5
NFL,Dallas Cowboys,5,11,2000,-1.5,1.5
NFL,Washington Redskins,8,8,2000,0.0,0.0
NFL,New England Patriots,5,11,2000,-1.5,1.5
NFL,San Diego Chargers,1,15,2000,-3.5,3.5
NFL,Atlanta Falcons,4,12,2000,-2.0,2.0
NFL,Chicago Bears,5,11,2000,-1.5,1.5
NFL,Arizona Cardinals,3,13,2000,-2.5,2.5
NFL,Cincinnati Bengals,4,12,2000,-2.0,2.0
NFL,Cleveland Browns,3,13,2000,-2.5,2.5
NFL,St. Louis Rams,14,2,2001,3.0,3.0
NFL,Indianapolis Colts,6,10,2001,-1.0,1.0
NFL,San Francisco 49ers,12,4,2001,2.0,2.0
NFL,Oakland Raiders,10,6,2001,1.0,1.0
NFL,Green Bay Packers,12,4,2001,2.0,2.0
NFL,New England Patriots,11,5,2001,1.5,1.5
NFL,Pittsburgh Steelers,13,3,2001,2.5,2.5
NFL,Miami Dolphins,11,5,2001,1.5,1.5
NFL,Philadelphia Eagles,11,5,2001,1.5,1.5
NFL,Denver Broncos,8,8,2001,0.0,0.0
NFL,Chicago Bears,13,3,2001,2.5,2.5
NFL,Tennessee Titans,7,9,2001,-0.5,0.5
NFL,New Orleans Saints,7,9,2001,-0.5,0.5
NFL,San Diego Chargers,5,11,2001,-1.5,1.5
NFL,Tampa Bay Buccaneers,9,7,2001,0.5,0.5
NFL,Kansas City Chiefs,6,10,2001,-1.0,1.0
NFL,New York Jets,10,6,2001,1.0,1.0
NFL,Baltimore Ravens,10,6,2001,1.0,1.0
NFL,Seattle Seahawks,9,7,2001,0.5,0.5
NFL,Arizona Cardinals,7,9,2001,-0.5,0.5
NFL,New York Giants,7,9,2001,-0.5,0.5
NFL,Jacksonville Jaguars,6,10,2001,-1.0,1.0
NFL,Atlanta Falcons,7,9,2001,-0.5,0.5
NFL,Minnesota Vikings,5,11,2001,-1.5,1.5
NFL,Cleveland Browns,7,9,2001,-0.5,0.5
NFL,Detroit Lions,2,14,2001,-3.0,3.0
NFL,Buffalo Bills,3,13,2001,-2.5,2.5
NFL,Washington Redskins,8,8,2001,0.0,0.0
NFL,Carolina Panthers,1,15,2001,-3.5,3.5
NFL,Dallas Cowboys,5,11,2001,-1.5,1.5
NFL,Cincinnati Bengals,6,10,2001,-1.0,1.0
NFL,Kansas City Chiefs,8,8,2002,0.0,0.0
NFL,Oakland Raiders,11,5,2002,1.5,1.5
NFL,New Orleans Saints,9,7,2002,0.5,0.5
NFL,Philadelphia Eagles,12,4,2002,2.0,2.0
NFL,Atlanta Falcons,9,6,2002,0.7745966692414834,0.7745966692414834
NFL,Green Bay Packers,12,4,2002,2.0,2.0
NFL,Denver Broncos,9,7,2002,0.5,0.5
NFL,Pittsburgh Steelers,10,5,2002,1.2909944487358056,1.2909944487358056
NFL,Minnesota Vikings,6,10,2002,-1.0,1.0
NFL,New England Patriots,9,7,2002,0.5,0.5
NFL,Buffalo Bills,8,8,2002,0.0,0.0
NFL,Miami Dolphins,9,7,2002,0.5,0.5
NFL,Tennessee Titans,11,5,2002,1.5,1.5
NFL,San Francisco 49ers,10,6,2002,1.0,1.0
NFL,New York Jets,9,7,2002,0.5,0.5
NFL,Seattle Seahawks,7,9,2002,-0.5,0.5
NFL,Indianapolis Colts,10,6,2002,1.0,1.0
NFL,Tampa Bay Buccaneers,12,4,2002,2.0,2.0
NFL,Cleveland Browns,9,7,2002,0.5,0.5
NFL,San Diego Chargers,8,8,2002,0.0,0.0
NFL,Jacksonville Jaguars,6,10,2002,-1.0,1.0
NFL,New York Giants,10,6,2002,1.0,1.0
NFL,Baltimore Ravens,7,9,2002,-0.5,0.5
NFL,St. Louis Rams,7,9,2002,-0.5,0.5
NFL,Washington Redskins,7,9,2002,-0.5,0.5
NFL,Detroit Lions,3,13,2002,-2.5,2.5
NFL,Chicago Bears,4,12,2002,-2.0,2.0
NFL,Cincinnati Bengals,2,14,2002,-3.0,3.0
NFL,Arizona Cardinals,5,11,2002,-1.5,1.5
NFL,Carolina Panthers,7,9,2002,-0.5,0.5
NFL,Dallas Cowboys,5,11,2002,-1.5,1.5
NFL,Houston Texans,4,12,2002,-2.0,2.0
NFL,Kansas City Chiefs,13,3,2003,2.5,2.5
NFL,Indianapolis Colts,12,4,2003,2.0,2.0
NFL,St. Louis Rams,12,4,2003,2.0,2.0
NFL,Green Bay Packers,10,6,2003,1.0,1.0
NFL,Tennessee Titans,12,4,2003,2.0,2.0
NFL,Minnesota Vikings,9,7,2003,0.5,0.5
NFL,Seattle Seahawks,10,6,2003,1.0,1.0
NFL,Baltimore Ravens,10,6,2003,1.0,1.0
NFL,San Francisco 49ers,7,9,2003,-0.5,0.5
NFL,Denver Broncos,10,6,2003,1.0,1.0
NFL,Philadelphia Eagles,12,4,2003,2.0,2.0
NFL,New England Patriots,14,2,2003,3.0,3.0
NFL,Cincinnati Bengals,8,8,2003,0.0,0.0
NFL,New Orleans Saints,8,8,2003,0.0,0.0
NFL,Carolina Panthers,11,5,2003,1.5,1.5
NFL,San Diego Chargers,4,12,2003,-2.0,2.0
NFL,Miami Dolphins,10,6,2003,1.0,1.0
NFL,Tampa Bay Buccaneers,7,9,2003,-0.5,0.5
NFL,Pittsburgh Steelers,6,10,2003,-1.0,1.0
NFL,Atlanta Falcons,5,11,2003,-1.5,1.5
NFL,Dallas Cowboys,10,6,2003,1.0,1.0
NFL,Washington Redskins,5,11,2003,-1.5,1.5
NFL,New York Jets,6,10,2003,-1.0,1.0
NFL,Chicago Bears,7,9,2003,-0.5,0.5
NFL,Jacksonville Jaguars,5,11,2003,-1.5,1.5
NFL,Detroit Lions,5,11,2003,-1.5,1.5
NFL,Oakland Raiders,4,12,2003,-2.0,2.0
NFL,Houston Texans,5,11,2003,-1.5,1.5
NFL,Cleveland Browns,5,11,2003,-1.5,1.5
NFL,Buffalo Bills,6,10,2003,-1.0,1.0
NFL,New York Giants,4,12,2003,-2.0,2.0
NFL,Arizona Cardinals,4,12,2003,-2.0,2.0
NFL,Indianapolis Colts,12,4,2004,2.0,2.0
NFL,Kansas City Chiefs,7,9,2004,-0.5,0.5
NFL,San Diego Chargers,12,4,2004,2.0,2.0
NFL,New England Patriots,14,2,2004,3.0,3.0
NFL,Green Bay Packers,10,6,2004,1.0,1.0
NFL,Minnesota Vikings,8,8,2004,0.0,0.0
NFL,Buffalo Bills,9,7,2004,0.5,0.5
NFL,Philadelphia Eagles,13,3,2004,2.5,2.5
NFL,Denver Broncos,10,6,2004,1.0,1.0
NFL,Cincinnati Bengals,8,8,2004,0.0,0.0
NFL,Pittsburgh Steelers,15,1,2004,3.5,3.5
NFL,Seattle Seahawks,9,7,2004,0.5,0.5
NFL,Carolina Panthers,7,9,2004,-0.5,0.5
NFL,New Orleans Saints,8,8,2004,0.0,0.0
NFL,Tennessee Titans,5,11,2004,-1.5,1.5
NFL,Atlanta Falcons,11,5,2004,1.5,1.5
NFL,New York Jets,10,6,2004,1.0,1.0
NFL,Oakland Raiders,5,11,2004,-1.5,1.5
NFL,St. Louis Rams,8,8,2004,0.0,0.0
NFL,Baltimore Ravens,9,7,2004,0.5,0.5
NFL,Houston Texans,7,9,2004,-0.5,0.5
NFL,New York Giants,6,10,2004,-1.0,1.0
NFL,Tampa Bay Buccaneers,5,11,2004,-1.5,1.5
NFL,Detroit Lions,6,10,2004,-1.0,1.0
NFL,Dallas Cowboys,6,10,2004,-1.0,1.0
NFL,Arizona Cardinals,6,10,2004,-1.0,1.0
NFL,Cleveland Browns,4,12,2004,-2.0,2.0
NFL,Miami Dolphins,4,12,2004,-2.0,2.0
NFL,Jacksonville Jaguars,9,7,2004,0.5,0.5
NFL,San Francisco 49ers,2,14,2004,-3.0,3.0
NFL,Washington Redskins,6,10,2004,-1.0,1.0
NFL,Chicago Bears,5,11,2004,-1.5,1.5
NFL,Seattle Seahawks,13,3,2005,2.5,2.5
NFL,Indianapolis Colts,14,2,2005,3.0,3.0
NFL,New York Giants,11,5,2005,1.5,1.5
NFL,Cincinnati Bengals,11,5,2005,1.5,1.5
NFL,San Diego Chargers,9,7,2005,0.5,0.5
NFL,Kansas City Chiefs,10,6,2005,1.0,1.0
NFL,Denver Broncos,13,3,2005,2.5,2.5
NFL,Carolina Panthers,11,5,2005,1.5,1.5
NFL,Pittsburgh Steelers,11,5,2005,1.5,1.5
NFL,New England Patriots,10,6,2005,1.0,1.0
NFL,St. Louis Rams,6,10,2005,-1.0,1.0
NFL,Jacksonville Jaguars,12,4,2005,2.0,2.0
NFL,Washington Redskins,10,6,2005,1.0,1.0
NFL,Atlanta Falcons,8,8,2005,0.0,0.0
NFL,Dallas Cowboys,9,7,2005,0.5,0.5
NFL,Miami Dolphins,9,7,2005,0.5,0.5
NFL,Arizona Cardinals,5,11,2005,-1.5,1.5
NFL,Philadelphia Eagles,6,10,2005,-1.0,1.0
NFL,Minnesota Vikings,9,7,2005,0.5,0.5
NFL,Tampa Bay Buccaneers,11,5,2005,1.5,1.5
NFL,Tennessee Titans,4,12,2005,-2.0,2.0
NFL,Green Bay Packers,4,12,2005,-2.0,2.0
NFL,Oakland Raiders,4,12,2005,-2.0,2.0
NFL,Buffalo Bills,5,11,2005,-1.5,1.5
NFL,Baltimore Ravens,6,10,2005,-1.0,1.0
NFL,Houston Texans,2,14,2005,-3.0,3.0
NFL,Chicago Bears,11,5,2005,1.5,1.5
NFL,Detroit Lions,5,11,2005,-1.5,1.5
NFL,New York Jets,4,12,2005,-2.0,2.0
NFL,San Francisco 49ers,4,12,2005,-2.0,2.0
NFL,New Orleans Saints,3,13,2005,-2.5,2.5
NFL,Cleveland Browns,6,10,2005,-1.0,1.0
NFL,San Diego Chargers,14,2,2006,3.0,3.0
NFL,Indianapolis Colts,12,4,2006,2.0,2.0
NFL,Chicago Bears,13,3,2006,2.5,2.5
NFL,Dallas Cowboys,9,7,2006,0.5,0.5
NFL,New Orleans Saints,10,6,2006,1.0,1.0
NFL,Philadelphia Eagles,10,6,2006,1.0,1.0
NFL,New England Patriots,12,4,2006,2.0,2.0
NFL,Cincinnati Bengals,8,8,2006,0.0,0.0
NFL,Jacksonville Jaguars,8,8,2006,0.0,0.0
NFL,St. Louis Rams,8,8,2006,0.0,0.0
NFL,New York Giants,8,8,2006,0.0,0.0
NFL,Baltimore Ravens,13,3,2006,2.5,2.5
NFL,Pittsburgh Steelers,8,8,2006,0.0,0.0
NFL,Seattle Seahawks,9,7,2006,0.5,0.5
NFL,Kansas City Chiefs,9,7,2006,0.5,0.5
NFL,Tennessee Titans,8,8,2006,0.0,0.0
NFL,Denver Broncos,9,7,2006,0.5,0.5
NFL,New York Jets,10,6,2006,1.0,1.0
NFL,Arizona Cardinals,5,11,2006,-1.5,1.5
NFL,Washington Redskins,5,11,2006,-1.5,1.5
NFL,Detroit Lions,3,13,2006,-2.5,2.5
NFL,Green Bay Packers,8,8,2006,0.0,0.0
NFL,Buffalo Bills,7,9,2006,-0.5,0.5
NFL,San Francisco 49ers,7,9,2006,-0.5,0.5
NFL,Atlanta Falcons,7,9,2006,-0.5,0.5
NFL,Minnesota Vikings,6,10,2006,-1.0,1.0
NFL,Carolina Panthers,8,8,2006,0.0,0.0
NFL,Houston Texans,6,10,2006,-1.0,1.0
NFL,Miami Dolphins,6,10,2006,-1.0,1.0
NFL,Cleveland Browns,4,12,2006,-2.0,2.0
NFL,Tampa Bay Buccaneers,4,12,2006,-2.0,2.0
NFL,Oakland Raiders,2,14,2006,-3.0,3.0
NFL,New England Patriots,16,0,2007,4.0,4.0
NFL,Dallas Cowboys,13,3,2007,2.5,2.5
NFL,Indianapolis Colts,13,3,2007,2.5,2.5
NFL,Green Bay Packers,13,3,2007,2.5,2.5
NFL,San Diego Chargers,11,5,2007,1.5,1.5
NFL,Jacksonville Jaguars,11,5,2007,1.5,1.5
NFL,Arizona Cardinals,8,8,2007,0.0,0.0
NFL,Cleveland Browns,10,6,2007,1.0,1.0
NFL,Seattle Seahawks,10,6,2007,1.0,1.0
NFL,Pittsburgh Steelers,10,6,2007,1.0,1.0
NFL,Cincinnati Bengals,7,9,2007,-0.5,0.5
NFL,Houston Texans,8,8,2007,0.0,0.0
NFL,New Orleans Saints,7,9,2007,-0.5,0.5
NFL,New York Giants,10,6,2007,1.0,1.0
NFL,Minnesota Vikings,8,8,2007,0.0,0.0
NFL,Detroit Lions,7,9,2007,-0.5,0.5
NFL,Philadelphia Eagles,8,8,2007,0.0,0.0
NFL,Tampa Bay Buccaneers,9,7,2007,0.5,0.5
NFL,Washington Redskins,9,7,2007,0.5,0.5
NFL,Chicago Bears,7,9,2007,-0.5,0.5
NFL,Denver Broncos,7,9,2007,-0.5,0.5
NFL,Tennessee Titans,10,6,2007,1.0,1.0
NFL,Oakland Raiders,4,12,2007,-2.0,2.0
NFL,Baltimore Ravens,5,11,2007,-1.5,1.5
NFL,New York Jets,4,12,2007,-2.0,2.0
NFL,Miami Dolphins,1,15,2007,-3.5,3.5
NFL,Carolina Panthers,7,9,2007,-0.5,0.5
NFL,St. Louis Rams,3,13,2007,-2.5,2.5
NFL,Atlanta Falcons,4,12,2007,-2.0,2.0
NFL,Buffalo Bills,7,9,2007,-0.5,0.5
NFL,Kansas City Chiefs,4,12,2007,-2.0,2.0
NFL,San Francisco 49ers,5,11,2007,-1.5,1.5
NFL,New Orleans Saints,8,8,2008,0.0,0.0
NFL,San Diego Chargers,8,8,2008,0.0,0.0
NFL,New York Giants,12,4,2008,2.0,2.0
NFL,Arizona Cardinals,9,7,2008,0.5,0.5
NFL,Green Bay Packers,6,10,2008,-1.0,1.0
NFL,Philadelphia Eagles,9,6,2008,0.7745966692414834,0.7745966692414834
NFL,Carolina Panthers,12,4,2008,2.0,2.0
NFL,New England Patriots,11,5,2008,1.5,1.5
NFL,New York Jets,9,7,2008,0.5,0.5
NFL,Atlanta Falcons,11,5,2008,1.5,1.5
NFL,Baltimore Ravens,11,5,2008,1.5,1.5
NFL,Minnesota Vikings,10,6,2008,1.0,1.0
NFL,Indianapolis Colts,12,4,2008,2.0,2.0
NFL,Tennessee Titans,13,3,2008,2.5,2.5
NFL,Chicago Bears,9,7,2008,0.5,0.5
NFL,Denver Broncos,8,8,2008,0.0,0.0
NFL,Houston Texans,8,8,2008,0.0,0.0
NFL,Dallas Cowboys,9,7,2008,0.5,0.5
NFL,Tampa Bay Buccaneers,9,7,2008,0.5,0.5
NFL,Pittsburgh Steelers,12,4,2008,2.0,2.0
NFL,Miami Dolphins,11,5,2008,1.5,1.5
NFL,San Francisco 49ers,7,9,2008,-0.5,0.5
NFL,Buffalo Bills,7,9,2008,-0.5,0.5
NFL,Jacksonville Jaguars,5,11,2008,-1.5,1.5
NFL,Seattle Seahawks,4,12,2008,-2.0,2.0
NFL,Kansas City Chiefs,2,14,2008,-3.0,3.0
NFL,Detroit Lions,0,16,2008,-4.0,4.0
NFL,Washington Redskins,8,8,2008,0.0,0.0
NFL,Oakland Raiders,5,11,2008,-1.5,1.5
NFL,St. Louis Rams,2,14,2008,-3.0,3.0
NFL,Cleveland Browns,4,12,2008,-2.0,2.0
NFL,Cincinnati Bengals,4,11,2008,-1.8073922282301278,1.8073922282301278
NFL,New Orleans Saints,13,3,2009,2.5,2.5
NFL,Minnesota Vikings,12,4,2009,2.0,2.0
NFL,Green Bay Packers,11,5,2009,1.5,1.5
NFL,San Diego Chargers,13,3,2009,2.5,2.5
NFL,Philadelphia Eagles,11,5,2009,1.5,1.5
NFL,New England Patriots,10,6,2009,1.0,1.0
NFL,Indianapolis Colts,14,2,2009,3.0,3.0
NFL,New York Giants,8,8,2009,0.0,0.0
NFL,Baltimore Ravens,9,7,2009,0.5,0.5
NFL,Houston Texans,9,7,2009,0.5,0.5
NFL,Arizona Cardinals,10,6,2009,1.0,1.0
NFL,Pittsburgh Steelers,9,7,2009,0.5,0.5
NFL,Atlanta Falcons,9,7,2009,0.5,0.5
NFL,Dallas Cowboys,11,5,2009,1.5,1.5
NFL,Miami Dolphins,7,9,2009,-0.5,0.5
NFL,Tennessee Titans,8,8,2009,0.0,0.0
NFL,New York Jets,9,7,2009,0.5,0.5
NFL,San Francisco 49ers,8,8,2009,0.0,0.0
NFL,Chicago Bears,7,9,2009,-0.5,0.5
NFL,Denver Broncos,8,8,2009,0.0,0.0
NFL,Carolina Panthers,8,8,2009,0.0,0.0
NFL,Cincinnati Bengals,10,6,2009,1.0,1.0
NFL,Kansas City Chiefs,4,12,2009,-2.0,2.0
NFL,Jacksonville Jaguars,7,9,2009,-0.5,0.5
NFL,Seattle Seahawks,5,11,2009,-1.5,1.5
NFL,Washington Redskins,4,12,2009,-2.0,2.0
NFL,Detroit Lions,2,14,2009,-3.0,3.0
NFL,Buffalo Bills,6,10,2009,-1.0,1.0
NFL,Cleveland Browns,5,11,2009,-1.5,1.5
NFL,Tampa Bay Buccaneers,3,13,2009,-2.5,2.5
NFL,Oakland Raiders,5,11,2009,-1.5,1.5
NFL,St. Louis Rams,1,15,2009,-3.5,3.5
NFL,New England Patriots,14,2,2010,3.0,3.0
NFL,San Diego Chargers,9,7,2010,0.5,0.5
NFL,Philadelphia Eagles,10,6,2010,1.0,1.0
NFL,Indianapolis Colts,10,6,2010,1.0,1.0
NFL,Atlanta Falcons,13,3,2010,2.5,2.5
NFL,Oakland Raiders,8,8,2010,0.0,0.0
NFL,New York Giants,10,6,2010,1.0,1.0
NFL,Dallas Cowboys,6,10,2010,-1.0,1.0
NFL,Houston Texans,6,10,2010,-1.0,1.0
NFL,Green Bay Packers,10,6,2010,1.0,1.0
NFL,New Orleans Saints,11,5,2010,1.5,1.5
NFL,Pittsburgh Steelers,12,4,2010,2.0,2.0
NFL,New York Jets,11,5,2010,1.5,1.5
NFL,Kansas City Chiefs,10,6,2010,1.0,1.0
NFL,Detroit Lions,6,10,2010,-1.0,1.0
NFL,Baltimore Ravens,12,4,2010,2.0,2.0
NFL,Tennessee Titans,6,10,2010,-1.0,1.0
NFL,Jacksonville Jaguars,8,8,2010,0.0,0.0
NFL,Denver Broncos,4,12,2010,-2.0,2.0
NFL,Tampa Bay Buccaneers,10,6,2010,1.0,1.0
NFL,Chicago Bears,11,5,2010,1.5,1.5
NFL,Cincinnati Bengals,4,12,2010,-2.0,2.0
NFL,Seattle Seahawks,7,9,2010,-0.5,0.5
NFL,San Francisco 49ers,6,10,2010,-1.0,1.0
NFL,Washington Redskins,6,10,2010,-1.0,1.0
NFL,St. Louis Rams,7,9,2010,-0.5,0.5
NFL,Arizona Cardinals,5,11,2010,-1.5,1.5
NFL,Buffalo Bills,4,12,2010,-2.0,2.0
NFL,Minnesota Vikings,6,10,2010,-1.0,1.0
NFL,Miami Dolphins,7,9,2010,-0.5,0.5
NFL,Cleveland Browns,5,11,2010,-1.5,1.5
NFL,Carolina Panthers,2,14,2010,-3.0,3.0
NFL,Green Bay Packers,15,1,2011,3.5,3.5
NFL,New Orleans Saints,13,3,2011,2.5,2.5
NFL,New England Patriots,13,3,2011,2.5,2.5
NFL,Detroit Lions,10,6,2011,1.0,1.0
NFL,Carolina Panthers,6,10,2011,-1.0,1.0
NFL,San Diego Chargers,8,8,2011,0.0,0.0
NFL,Atlanta Falcons,10,6,2011,1.0,1.0
NFL,Philadelphia Eagles,8,8,2011,0.0,0.0
NFL,New York Giants,9,7,2011,0.5,0.5
NFL,Houston Texans,10,6,2011,1.0,1.0
NFL,San Francisco 49ers,13,3,2011,2.5,2.5
NFL,Baltimore Ravens,12,4,2011,2.0,2.0
NFL,New York Jets,8,8,2011,0.0,0.0
NFL,Buffalo Bills,6,10,2011,-1.0,1.0
NFL,Dallas Cowboys,8,8,2011,0.0,0.0
NFL,Oakland Raiders,8,8,2011,0.0,0.0
NFL,Chicago Bears,8,8,2011,0.0,0.0
NFL,Cincinnati Bengals,9,7,2011,0.5,0.5
NFL,Minnesota Vikings,3,13,2011,-2.5,2.5
NFL,Miami Dolphins,6,10,2011,-1.0,1.0
NFL,Tennessee Titans,9,7,2011,0.5,0.5
NFL,Pittsburgh Steelers,12,4,2011,2.0,2.0
NFL,Seattle Seahawks,7,9,2011,-0.5,0.5
NFL,Arizona Cardinals,8,8,2011,0.0,0.0
NFL,Denver Broncos,8,8,2011,0.0,0.0
NFL,Washington Redskins,5,11,2011,-1.5,1.5
NFL,Tampa Bay Buccaneers,4,12,2011,-2.0,2.0
NFL,Jacksonville Jaguars,5,11,2011,-1.5,1.5
NFL,Indianapolis Colts,2,14,2011,-3.0,3.0
NFL,Cleveland Browns,4,12,2011,-2.0,2.0
NFL,Kansas City Chiefs,7,9,2011,-0.5,0.5
NFL,St. Louis Rams,2,14,2011,-3.0,3.0
NFL,New England Patriots,12,4,2012,2.0,2.0
NFL,Denver Broncos,13,3,2012,2.5,2.5
NFL,New Orleans Saints,7,9,2012,-0.5,0.5
NFL,Washington Redskins,10,6,2012,1.0,1.0
NFL,Green Bay Packers,11,5,2012,1.5,1.5
NFL,New York Giants,9,7,2012,0.5,0.5
NFL,Atlanta Falcons,13,3,2012,2.5,2.5
NFL,Houston Texans,12,4,2012,2.0,2.0
NFL,Seattle Seahawks,11,5,2012,1.5,1.5
NFL,Baltimore Ravens,10,6,2012,1.0,1.0
NFL,San Francisco 49ers,11,4,2012,1.8073922282301278,1.8073922282301278
NFL,Cincinnati Bengals,10,6,2012,1.0,1.0
NFL,Tampa Bay Buccaneers,7,9,2012,-0.5,0.5
NFL,Minnesota Vikings,10,6,2012,1.0,1.0
NFL,Dallas Cowboys,8,8,2012,0.0,0.0
NFL,Chicago Bears,10,6,2012,1.0,1.0
NFL,Detroit Lions,4,12,2012,-2.0,2.0
NFL,Indianapolis Colts,11,5,2012,1.5,1.5
NFL,Carolina Panthers,7,9,2012,-0.5,0.5
NFL,San Diego Chargers,7,9,2012,-0.5,0.5
NFL,Buffalo Bills,6,10,2012,-1.0,1.0
NFL,Pittsburgh Steelers,8,8,2012,0.0,0.0
NFL,Tennessee Titans,6,10,2012,-1.0,1.0
NFL,Cleveland Browns,5,11,2012,-1.5,1.5
NFL,St. Louis Rams,7,8,2012,-0.2581988897471611,0.2581988897471611
NFL,Oakland Raiders,4,12,2012,-2.0,2.0
NFL,Miami Dolphins,7,9,2012,-0.5,0.5
NFL,New York Jets,6,10,2012,-1.0,1.0
NFL,Philadelphia Eagles,4,12,2012,-2.0,2.0
NFL,Jacksonville Jaguars,2,14,2012,-3.0,3.0
NFL,Arizona Cardinals,5,11,2012,-1.5,1.5
NFL,Kansas City Chiefs,2,14,2012,-3.0,3.0
NFL,Denver Broncos,13,3,2013,2.5,2.5
NFL,Chicago Bears,8,8,2013,0.0,0.0
NFL,New England Patriots,12,4,2013,2.0,2.0
NFL,Philadelphia Eagles,10,6,2013,1.0,1.0
NFL,Dallas Cowboys,8,8,2013,0.0,0.0
NFL,Cincinnati Bengals,11,5,2013,1.5,1.5
NFL,Kansas City Chiefs,11,5,2013,1.5,1.5
NFL,Green Bay Packers,8,7,2013,0.2581988897471611,0.2581988897471611
NFL,Seattle Seahawks,13,3,2013,2.5,2.5
NFL,New Orleans Saints,11,5,2013,1.5,1.5
NFL,San Francisco 49ers,12,4,2013,2.0,2.0
NFL,San Diego Chargers,9,7,2013,0.5,0.5
NFL,Detroit Lions,7,9,2013,-0.5,0.5
NFL,Minnesota Vikings,5,10,2013,-1.2909944487358056,1.2909944487358056
NFL,Indianapolis Colts,11,5,2013,1.5,1.5
NFL,Pittsburgh Steelers,8,8,2013,0.0,0.0
NFL,Arizona Cardinals,10,6,2013,1.0,1.0
NFL,Carolina Panthers,12,4,2013,2.0,2.0
NFL,Tennessee Titans,7,9,2013,-0.5,0.5
NFL,Atlanta Falcons,4,12,2013,-2.0,2.0
NFL,St. Louis Rams,7,9,2013,-0.5,0.5
NFL,Buffalo Bills,6,10,2013,-1.0,1.0
NFL,Washington Redskins,3,13,2013,-2.5,2.5
NFL,Oakland Raiders,4,12,2013,-2.0,2.0
NFL,Baltimore Ravens,8,8,2013,0.0,0.0
NFL,Miami Dolphins,8,8,2013,0.0,0.0
NFL,Cleveland Browns,4,12,2013,-2.0,2.0
NFL,New York Giants,7,9,2013,-0.5,0.5
NFL,New York Jets,8,8,2013,0.0,0.0
NFL,Tampa Bay Buccaneers,4,12,2013,-2.0,2.0
NFL,Houston Texans,2,14,2013,-3.0,3.0
NFL,Jacksonville Jaguars,4,12,2013,-2.0,2.0
NFL,Green Bay Packers,12,4,2014,2.0,2.0
NFL,Denver Broncos,12,4,2014,2.0,2.0
NFL,Philadelphia Eagles,10,6,2014,1.0,1.0
NFL,New England Patriots,12,4,2014,2.0,2.0
NFL,Dallas Cowboys,12,4,2014,2.0,2.0
NFL,Indianapolis Colts,11,5,2014,1.5,1.5
NFL,Pittsburgh Steelers,11,5,2014,1.5,1.5
NFL,Baltimore Ravens,10,6,2014,1.0,1.0
NFL,New Orleans Saints,7,9,2014,-0.5,0.5
NFL,Seattle Seahawks,12,4,2014,2.0,2.0
NFL,Miami Dolphins,8,8,2014,0.0,0.0
NFL,Atlanta Falcons,6,10,2014,-1.0,1.0
NFL,New York Giants,6,10,2014,-1.0,1.0
NFL,Houston Texans,9,7,2014,0.5,0.5
NFL,Cincinnati Bengals,10,5,2014,1.2909944487358056,1.2909944487358056
NFL,Kansas City Chiefs,9,7,2014,0.5,0.5
NFL,San Diego Chargers,9,7,2014,0.5,0.5
NFL,Buffalo Bills,9,7,2014,0.5,0.5
NFL,Carolina Panthers,7,8,2014,-0.2581988897471611,0.2581988897471611
NFL,Minnesota Vikings,7,9,2014,-0.5,0.5
NFL,St. Louis Rams,6,10,2014,-1.0,1.0
NFL,Detroit Lions,11,5,2014,1.5,1.5
NFL,Chicago Bears,5,11,2014,-1.5,1.5
NFL,Arizona Cardinals,11,5,2014,1.5,1.5
NFL,San Francisco 49ers,8,8,2014,0.0,0.0
NFL,Washington Redskins,4,12,2014,-2.0,2.0
NFL,Cleveland Browns,7,9,2014,-0.5,0.5
NFL,New York Jets,4,12,2014,-2.0,2.0
NFL,Tampa Bay Buccaneers,2,14,2014,-3.0,3.0
NFL,Tennessee Titans,2,14,2014,-3.0,3.0
NFL,Oakland Raiders,3,13,2014,-2.5,2.5
NFL,Jacksonville Jaguars,3,13,2014,-2.5,2.5
NFL,Carolina Panthers,15,1,2015,3.5,3.5
NFL,Arizona Cardinals,13,3,2015,2.5,2.5
NFL,New England Patriots,12,4,2015,2.0,2.0
NFL,Pittsburgh Steelers,10,6,2015,1.0,1.0
NFL,Seattle Seahawks,10,6,2015,1.0,1.0
NFL,New York Giants,6,10,2015,-1.0,1.0
NFL,Cincinnati Bengals,12,4,2015,2.0,2.0
NFL,New Orleans Saints,7,9,2015,-0.5,0.5
NFL,Kansas City Chiefs,11,5,2015,1.5,1.5
NFL,Washington Redskins,9,7,2015,0.5,0.5
NFL,New York Jets,10,6,2015,1.0,1.0
NFL,Buffalo Bills,8,8,2015,0.0,0.0
NFL,Philadelphia Eagles,7,9,2015,-0.5,0.5
NFL,Jacksonville Jaguars,5,11,2015,-1.5,1.5
NFL,Green Bay Packers,10,6,2015,1.0,1.0
NFL,Minnesota Vikings,11,5,2015,1.5,1.5
NFL,Oakland Raiders,7,9,2015,-0.5,0.5
NFL,Detroit Lions,7,9,2015,-0.5,0.5
NFL,Denver Broncos,12,4,2015,2.0,2.0
NFL,Tampa Bay Buccaneers,6,10,2015,-1.0,1.0
NFL,Atlanta Falcons,8,8,2015,0.0,0.0
NFL,Houston Texans,9,7,2015,0.5,0.5
NFL,Chicago Bears,6,10,2015,-1.0,1.0
NFL,Indianapolis Colts,8,8,2015,0.0,0.0
NFL,Baltimore Ravens,5,11,2015,-1.5,1.5
NFL,San Diego Chargers,4,12,2015,-2.0,2.0
NFL,Miami Dolphins,6,10,2015,-1.0,1.0
NFL,Tennessee Titans,3,13,2015,-2.5,2.5
NFL,St. Louis Rams,7,9,2015,-0.5,0.5
NFL,Cleveland Browns,3,13,2015,-2.5,2.5
NFL,Dallas Cowboys,4,12,2015,-2.0,2.0
NFL,San Francisco 49ers,5,11,2015,-1.5,1.5
NFL,Atlanta Falcons,11,5,2016,1.5,1.5
NFL,New Orleans Saints,7,9,2016,-0.5,0.5
NFL,New England Patriots,14,2,2016,3.0,3.0
NFL,Green Bay Packers,10,6,2016,1.0,1.0
NFL,Dallas Cowboys,13,3,2016,2.5,2.5
NFL,Arizona Cardinals,7,8,2016,-0.2581988897471611,0.2581988897471611
NFL,Oakland Raiders,12,4,2016,2.0,2.0
NFL,Indianapolis Colts,8,8,2016,0.0,0.0
NFL,San Diego Chargers,5,11,2016,-1.5,1.5
NFL,Pittsburgh Steelers,11,5,2016,1.5,1.5
NFL,Buffalo Bills,7,9,2016,-0.5,0.5
NFL,Washington Redskins,8,7,2016,0.2581988897471611,0.2581988897471611
NFL,Kansas City Chiefs,12,4,2016,2.0,2.0
NFL,Tennessee Titans,9,7,2016,0.5,0.5
NFL,Carolina Panthers,6,10,2016,-1.0,1.0
NFL,Philadelphia Eagles,7,9,2016,-0.5,0.5
NFL,Miami Dolphins,10,6,2016,1.0,1.0
NFL,Seattle Seahawks,10,5,2016,1.2909944487358056,1.2909944487358056
NFL,Tampa Bay Buccaneers,9,7,2016,0.5,0.5
NFL,Detroit Lions,9,7,2016,0.5,0.5
NFL,Baltimore Ravens,8,8,2016,0.0,0.0
NFL,Denver Broncos,9,7,2016,0.5,0.5
NFL,Minnesota Vikings,8,8,2016,0.0,0.0
NFL,Cincinnati Bengals,6,9,2016,-0.7745966692414834,0.7745966692414834
NFL,Jacksonville Jaguars,3,13,2016,-2.5,2.5
NFL,New York Giants,11,5,2016,1.5,1.5
NFL,San Francisco 49ers,2,14,2016,-3.0,3.0
NFL,Chicago Bears,3,13,2016,-2.5,2.5
NFL,Houston Texans,9,7,2016,0.5,0.5
NFL,New York Jets,5,11,2016,-1.5,1.5
NFL,Cleveland Browns,1,15,2016,-3.5,3.5
NFL,Los Angeles Rams,4,12,2016,-2.0,2.0
NFL,Los Angeles Rams,11,5,2017,1.5,1.5
NFL,New England Patriots,13,3,2017,2.5,2.5
NFL,Philadelphia Eagles,13,3,2017,2.5,2.5
NFL,New Orleans Saints,11,5,2017,1.5,1.5
NFL,Jacksonville Jaguars,10,6,2017,1.0,1.0
NFL,Kansas City Chiefs,10,6,2017,1.0,1.0
NFL,Detroit Lions,9,7,2017,0.5,0.5
NFL,Pittsburgh Steelers,13,3,2017,2.5,2.5
NFL,Baltimore Ravens,9,7,2017,0.5,0.5
NFL,Minnesota Vikings,13,3,2017,2.5,2.5
NFL,Seattle Seahawks,9,7,2017,0.5,0.5
NFL,Carolina Panthers,11,5,2017,1.5,1.5
NFL,Los Angeles Chargers,9,7,2017,0.5,0.5
NFL,Dallas Cowboys,9,7,2017,0.5,0.5
NFL,Atlanta Falcons,10,6,2017,1.0,1.0
NFL,Washington Redskins,7,9,2017,-0.5,0.5
NFL,Houston Texans,4,12,2017,-2.0,2.0
NFL,Tampa Bay Buccaneers,5,11,2017,-1.5,1.5
NFL,Tennessee Titans,9,7,2017,0.5,0.5
NFL,San Francisco 49ers,6,10,2017,-1.0,1.0
NFL,Green Bay Packers,7,9,2017,-0.5,0.5
NFL,Buffalo Bills,9,7,2017,0.5,0.5
NFL,Oakland Raiders,6,10,2017,-1.0,1.0
NFL,New York Jets,5,11,2017,-1.5,1.5
NFL,Arizona Cardinals,8,8,2017,0.0,0.0
NFL,Cincinnati Bengals,7,9,2017,-0.5,0.5
NFL,Denver Broncos,5,11,2017,-1.5,1.5
NFL,Miami Dolphins,6,10,2017,-1.0,1.0
NFL,Chicago Bears,5,11,2017,-1.5,1.5
NFL,Indianapolis Colts,4,12,2017,-2.0,2.0
NFL,New York Giants,3,13,2017,-2.5,2.5
NFL,Cleveland Browns,0,16,2017,-4.0,4.0
NFL,Kansas City Chiefs,12,4,2018,2.0,2.0
NFL,Los Angeles Rams,13,3,2018,2.5,2.5
NFL,New Orleans Saints,13,3,2018,2.5,2.5
NFL,New England Patriots,11,5,2018,1.5,1.5
NFL,Indianapolis Colts,10,6,2018,1.0,1.0
NFL,Pittsburgh Steelers,9,6,2018,0.7745966692414834,0.7745966692414834
NFL,Seattle Seahawks,10,6,2018,1.0,1.0
NFL,Los Angeles Chargers,12,4,2018,2.0,2.0
NFL,Chicago Bears,12,4,2018,2.0,2.0
NFL,Atlanta Falcons,7,9,2018,-0.5,0.5
NFL,Houston Texans,11,5,2018,1.5,1.5
NFL,Tampa Bay Buccaneers,5,11,2018,-1.5,1.5
NFL,Baltimore Ravens,10,6,2018,1.0,1.0
NFL,Carolina Panthers,7,9,2018,-0.5,0.5
NFL,Green Bay Packers,6,9,2018,-0.7745966692414834,0.7745966692414834
NFL,New York Giants,5,11,2018,-1.5,1.5
NFL,Cincinnati Bengals,6,10,2018,-1.0,1.0
NFL,Philadelphia Eagles,9,7,2018,0.5,0.5
NFL,Minnesota Vikings,8,7,2018,0.2581988897471611,0.2581988897471611
NFL,Cleveland Browns,7,8,2018,-0.2581988897471611,0.2581988897471611
NFL,San Francisco 49ers,4,12,2018,-2.0,2.0
NFL,Dallas Cowboys,10,6,2018,1.0,1.0
NFL,New York Jets,4,12,2018,-2.0,2.0
NFL,Denver Broncos,6,10,2018,-1.0,1.0
NFL,Detroit Lions,6,10,2018,-1.0,1.0
NFL,Miami Dolphins,7,9,2018,-0.5,0.5
NFL,Tennessee Titans,9,7,2018,0.5,0.5
NFL,Oakland Raiders,4,12,2018,-2.0,2.0
NFL,Washington Redskins,7,9,2018,-0.5,0.5
NFL,Buffalo Bills,6,10,2018,-1.0,1.0
NFL,Jacksonville Jaguars,5,11,2018,-1.5,1.5
NFL,Arizona Cardinals,3,13,2018,-2.5,2.5
NFL,Los Angeles Rams,3,2,2019,0.4472135954999579,0.4472135954999579
NFL,Kansas City Chiefs,4,0,2019,2.0,2.0
NFL,Baltimore Ravens,2,2,2019,0.0,0.0
NFL,Seattle Seahawks,4,1,2019,1.3416407864998738,1.3416407864998738
NFL,Tampa Bay Buccaneers,2,2,2019,0.0,0.0
NFL,New England Patriots,4,0,2019,2.0,2.0
NFL,Philadelphia Eagles,2,2,2019,0.0,0.0
NFL,Dallas Cowboys,3,1,2019,1.0,1.0
NFL,Detroit Lions,2,1,2019,0.5773502691896258,0.5773502691896258
NFL,San Francisco 49ers,3,0,2019,1.7320508075688774,1.7320508075688774
NFL,Carolina Panthers,2,2,2019,0.0,0.0
NFL,Indianapolis Colts,2,2,2019,0.0,0.0
NFL,Tennessee Titans,2,2,2019,0.0,0.0
NFL,Los Angeles Chargers,2,2,2019,0.0,0.0
NFL,Cleveland Browns,2,2,2019,0.0,0.0
NFL,New York Giants,2,2,2019,0.0,0.0
NFL,Green Bay Packers,3,1,2019,1.0,1.0
NFL,Jacksonville Jaguars,2,2,2019,0.0,0.0
NFL,New Orleans Saints,3,1,2019,1.0,1.0
NFL,Minnesota Vikings,2,2,2019,0.0,0.0
NFL,Oakland Raiders,2,2,2019,0.0,0.0
NFL,Houston Texans,2,2,2019,0.0,0.0
NFL,Buffalo Bills,3,1,2019,1.0,1.0
NFL,Pittsburgh Steelers,1,3,2019,-1.0,1.0
NFL,Arizona Cardinals,0,3,2019,-1.7320508075688774,1.7320508075688774
NFL,Atlanta Falcons,1,3,2019,-1.0,1.0
NFL,Denver Broncos,0,4,2019,-2.0,2.0
NFL,Chicago Bears,3,1,2019,1.0,1.0
NFL,Washington Redskins,0,4,2019,-2.0,2.0
NFL,Cincinnati Bengals,0,4,2019,-2.0,2.0
NFL,New York Jets,0,3,2019,-1.7320508075688774,1.7320508075688774
NFL,Miami Dolphins,0,4,2019,-2.0,2.0
